"Subject","Start","Id"
"Contract: Child Welfare - Contract Expiration","2025-07-25 00:00","AAMkADlkNmQ2YjYzLWM1MDMtNGYxYS05ZWVkLWMzMmQ5YTcwMGMwZgBGAAAAAACsY-qGQCwBQ4xb3TLHpgp6BwDXovyD37sqTJHP5h1B9vVmAAAAAAENAADXovyD37sqTJHP5h1B9vVmAAAAAJ3sAAA="
"Contract: Child Welfare - Contract Expiration","2025-07-25 00:00","AAMkADlkNmQ2YjYzLWM1MDMtNGYxYS05ZWVkLWMzMmQ5YTcwMGMwZgBGAAAAAACsY-qGQCwBQ4xb3TLHpgp6BwDXovyD37sqTJHP5h1B9vVmAAAAAAENAADXovyD37sqTJHP5h1B9vVmAAAAAJ31AAA="
"Contract: Child Welfare - Contract Expiration","2025-07-25 00:00","AAMkADlkNmQ2YjYzLWM1MDMtNGYxYS05ZWVkLWMzMmQ5YTcwMGMwZgBGAAAAAACsY-qGQCwBQ4xb3TLHpgp6BwDXovyD37sqTJHP5h1B9vVmAAAAAAENAADXovyD37sqTJHP5h1B9vVmAAAAAJ3_AAA="
"Contract: Child Welfare - Contract Expiration","2025-07-25 00:00","AAMkADlkNmQ2YjYzLWM1MDMtNGYxYS05ZWVkLWMzMmQ5YTcwMGMwZgBGAAAAAACsY-qGQCwBQ4xb3TLHpgp6BwDXovyD37sqTJHP5h1B9vVmAAAAAAENAADXovyD37sqTJHP5h1B9vVmAAAAAJ4HAAA="
"Contract: Child Welfare - Contract Expiration","2025-07-25 00:00","AAMkADlkNmQ2YjYzLWM1MDMtNGYxYS05ZWVkLWMzMmQ5YTcwMGMwZgBGAAAAAACsY-qGQCwBQ4xb3TLHpgp6BwDXovyD37sqTJHP5h1B9vVmAAAAAAENAADXovyD37sqTJHP5h1B9vVmAAAAAJ4QAAA="
"Contract: Child Welfare - Contract Expiration","2025-07-25 00:00","AAMkADlkNmQ2YjYzLWM1MDMtNGYxYS05ZWVkLWMzMmQ5YTcwMGMwZgBGAAAAAACsY-qGQCwBQ4xb3TLHpgp6BwDXovyD37sqTJHP5h1B9vVmAAAAAAENAADXovyD37sqTJHP5h1B9vVmAAAAAJ4ZAAA="
"Contract: Child Welfare - Contract Expiration","2025-07-25 00:00","AAMkADlkNmQ2YjYzLWM1MDMtNGYxYS05ZWVkLWMzMmQ5YTcwMGMwZgBGAAAAAACsY-qGQCwBQ4xb3TLHpgp6BwDXovyD37sqTJHP5h1B9vVmAAAAAAENAADXovyD37sqTJHP5h1B9vVmAAAAAJ4iAAA="
"Contract: Child Welfare - Contract Expiration","2025-07-25 00:00","AAMkADlkNmQ2YjYzLWM1MDMtNGYxYS05ZWVkLWMzMmQ5YTcwMGMwZgBGAAAAAACsY-qGQCwBQ4xb3TLHpgp6BwDXovyD37sqTJHP5h1B9vVmAAAAAAENAADXovyD37sqTJHP5h1B9vVmAAAAAJ4rAAA="
"Contract: Child Welfare - Contract Expiration","2025-07-25 00:00","AAMkADlkNmQ2YjYzLWM1MDMtNGYxYS05ZWVkLWMzMmQ5YTcwMGMwZgBGAAAAAACsY-qGQCwBQ4xb3TLHpgp6BwDXovyD37sqTJHP5h1B9vVmAAAAAAENAADXovyD37sqTJHP5h1B9vVmAAAAAJ40AAA="
"Contract: Child Welfare - Contract Expiration","2025-07-25 00:00","AAMkADlkNmQ2YjYzLWM1MDMtNGYxYS05ZWVkLWMzMmQ5YTcwMGMwZgBGAAAAAACsY-qGQCwBQ4xb3TLHpgp6BwDXovyD37sqTJHP5h1B9vVmAAAAAAENAADXovyD37sqTJHP5h1B9vVmAAAAAJ49AAA="
"Contract: Child Welfare - Contract Expiration","2025-07-25 00:00","AAMkADlkNmQ2YjYzLWM1MDMtNGYxYS05ZWVkLWMzMmQ5YTcwMGMwZgBGAAAAAACsY-qGQCwBQ4xb3TLHpgp6BwDXovyD37sqTJHP5h1B9vVmAAAAAAENAADXovyD37sqTJHP5h1B9vVmAAAAAJ5GAAA="
"Contract: Child Welfare - Contract Expiration","2025-07-25 00:00","AAMkADlkNmQ2YjYzLWM1MDMtNGYxYS05ZWVkLWMzMmQ5YTcwMGMwZgBGAAAAAACsY-qGQCwBQ4xb3TLHpgp6BwDXovyD37sqTJHP5h1B9vVmAAAAAAENAADXovyD37sqTJHP5h1B9vVmAAAAAJ5PAAA="
"Contract: Child Welfare - Contract Expiration","2025-07-25 00:00","AAMkADlkNmQ2YjYzLWM1MDMtNGYxYS05ZWVkLWMzMmQ5YTcwMGMwZgBGAAAAAACsY-qGQCwBQ4xb3TLHpgp6BwDXovyD37sqTJHP5h1B9vVmAAAAAAENAADXovyD37sqTJHP5h1B9vVmAAAAAJ5YAAA="
"Contract: Child Welfare - Contract Expiration","2025-07-25 00:00","AAMkADlkNmQ2YjYzLWM1MDMtNGYxYS05ZWVkLWMzMmQ5YTcwMGMwZgBGAAAAAACsY-qGQCwBQ4xb3TLHpgp6BwDXovyD37sqTJHP5h1B9vVmAAAAAAENAADXovyD37sqTJHP5h1B9vVmAAAAAJ5hAAA="
"Contract: Child Welfare - Contract Expiration","2025-07-25 00:00","AAMkADlkNmQ2YjYzLWM1MDMtNGYxYS05ZWVkLWMzMmQ5YTcwMGMwZgBGAAAAAACsY-qGQCwBQ4xb3TLHpgp6BwDXovyD37sqTJHP5h1B9vVmAAAAAAENAADXovyD37sqTJHP5h1B9vVmAAAAAJ5qAAA="
"Contract: Child Welfare - Contract Expiration","2025-07-25 00:00","AAMkADlkNmQ2YjYzLWM1MDMtNGYxYS05ZWVkLWMzMmQ5YTcwMGMwZgBGAAAAAACsY-qGQCwBQ4xb3TLHpgp6BwDXovyD37sqTJHP5h1B9vVmAAAAAAENAADXovyD37sqTJHP5h1B9vVmAAAAAJ5zAAA="
"Contract: Child Welfare - Contract Expiration","2025-07-25 00:00","AAMkADlkNmQ2YjYzLWM1MDMtNGYxYS05ZWVkLWMzMmQ5YTcwMGMwZgBGAAAAAACsY-qGQCwBQ4xb3TLHpgp6BwDXovyD37sqTJHP5h1B9vVmAAAAAAENAADXovyD37sqTJHP5h1B9vVmAAAAAJ58AAA="
"Contract: Child Welfare - Contract Expiration","2025-07-25 00:00","AAMkADlkNmQ2YjYzLWM1MDMtNGYxYS05ZWVkLWMzMmQ5YTcwMGMwZgBGAAAAAACsY-qGQCwBQ4xb3TLHpgp6BwDXovyD37sqTJHP5h1B9vVmAAAAAAENAADXovyD37sqTJHP5h1B9vVmAAAAAJ6FAAA="
"Contract: Child Welfare - Contract Expiration","2025-07-25 00:00","AAMkADlkNmQ2YjYzLWM1MDMtNGYxYS05ZWVkLWMzMmQ5YTcwMGMwZgBGAAAAAACsY-qGQCwBQ4xb3TLHpgp6BwDXovyD37sqTJHP5h1B9vVmAAAAAAENAADXovyD37sqTJHP5h1B9vVmAAAAAJ6OAAA="
"Contract: Child Welfare - Contract Expiration","2025-07-25 00:00","AAMkADlkNmQ2YjYzLWM1MDMtNGYxYS05ZWVkLWMzMmQ5YTcwMGMwZgBGAAAAAACsY-qGQCwBQ4xb3TLHpgp6BwDXovyD37sqTJHP5h1B9vVmAAAAAAENAADXovyD37sqTJHP5h1B9vVmAAAAAJ6XAAA="
"Contract: Child Welfare - Contract Expiration","2025-07-25 00:00","AAMkADlkNmQ2YjYzLWM1MDMtNGYxYS05ZWVkLWMzMmQ5YTcwMGMwZgBGAAAAAACsY-qGQCwBQ4xb3TLHpgp6BwDXovyD37sqTJHP5h1B9vVmAAAAAAENAADXovyD37sqTJHP5h1B9vVmAAAAAJ6gAAA="
"Contract: Child Welfare - Contract Expiration","2025-07-25 00:00","AAMkADlkNmQ2YjYzLWM1MDMtNGYxYS05ZWVkLWMzMmQ5YTcwMGMwZgBGAAAAAACsY-qGQCwBQ4xb3TLHpgp6BwDXovyD37sqTJHP5h1B9vVmAAAAAAENAADXovyD37sqTJHP5h1B9vVmAAAAAJ6pAAA="
"Contract: Child Welfare - Contract Expiration","2025-07-25 00:00","AAMkADlkNmQ2YjYzLWM1MDMtNGYxYS05ZWVkLWMzMmQ5YTcwMGMwZgBGAAAAAACsY-qGQCwBQ4xb3TLHpgp6BwDXovyD37sqTJHP5h1B9vVmAAAAAAENAADXovyD37sqTJHP5h1B9vVmAAAAAJ6yAAA="
"Contract: Child Welfare - Contract Expiration","2025-07-25 00:00","AAMkADlkNmQ2YjYzLWM1MDMtNGYxYS05ZWVkLWMzMmQ5YTcwMGMwZgBGAAAAAACsY-qGQCwBQ4xb3TLHpgp6BwDXovyD37sqTJHP5h1B9vVmAAAAAAENAADXovyD37sqTJHP5h1B9vVmAAAAAJ67AAA="
"Contract: Child Welfare - Contract Expiration","2025-07-25 00:00","AAMkADlkNmQ2YjYzLWM1MDMtNGYxYS05ZWVkLWMzMmQ5YTcwMGMwZgBGAAAAAACsY-qGQCwBQ4xb3TLHpgp6BwDXovyD37sqTJHP5h1B9vVmAAAAAAENAADXovyD37sqTJHP5h1B9vVmAAAAAJ7EAAA="
"Contract: Child Welfare - Contract Expiration","2025-07-25 00:00","AAMkADlkNmQ2YjYzLWM1MDMtNGYxYS05ZWVkLWMzMmQ5YTcwMGMwZgBGAAAAAACsY-qGQCwBQ4xb3TLHpgp6BwDXovyD37sqTJHP5h1B9vVmAAAAAAENAADXovyD37sqTJHP5h1B9vVmAAAAAJ7NAAA="
"Contract: Child Welfare - Contract Expiration","2025-07-25 00:00","AAMkADlkNmQ2YjYzLWM1MDMtNGYxYS05ZWVkLWMzMmQ5YTcwMGMwZgBGAAAAAACsY-qGQCwBQ4xb3TLHpgp6BwDXovyD37sqTJHP5h1B9vVmAAAAAAENAADXovyD37sqTJHP5h1B9vVmAAAAAJ7XAAA="
"Contract: Child Welfare - Contract Expiration","2025-07-25 00:00","AAMkADlkNmQ2YjYzLWM1MDMtNGYxYS05ZWVkLWMzMmQ5YTcwMGMwZgBGAAAAAACsY-qGQCwBQ4xb3TLHpgp6BwDXovyD37sqTJHP5h1B9vVmAAAAAAENAADXovyD37sqTJHP5h1B9vVmAAAAAJ7fAAA="
"Contract: Child Welfare - Contract Expiration","2025-07-25 00:00","AAMkADlkNmQ2YjYzLWM1MDMtNGYxYS05ZWVkLWMzMmQ5YTcwMGMwZgBGAAAAAACsY-qGQCwBQ4xb3TLHpgp6BwDXovyD37sqTJHP5h1B9vVmAAAAAAENAADXovyD37sqTJHP5h1B9vVmAAAAAJ7nAAA="
"Contract: Child Welfare - Contract Expiration","2025-07-25 00:00","AAMkADlkNmQ2YjYzLWM1MDMtNGYxYS05ZWVkLWMzMmQ5YTcwMGMwZgBGAAAAAACsY-qGQCwBQ4xb3TLHpgp6BwDXovyD37sqTJHP5h1B9vVmAAAAAAENAADXovyD37sqTJHP5h1B9vVmAAAAAJ7vAAA="
"Contract: Child Welfare - Contract Expiration","2025-07-25 00:00","AAMkADlkNmQ2YjYzLWM1MDMtNGYxYS05ZWVkLWMzMmQ5YTcwMGMwZgBGAAAAAACsY-qGQCwBQ4xb3TLHpgp6BwDXovyD37sqTJHP5h1B9vVmAAAAAAENAADXovyD37sqTJHP5h1B9vVmAAAAAJ73AAA="
"Contract: Child Welfare - Contract Expiration","2025-07-25 00:00","AQMkADlkNmQ2YjYzLWM1MDMtNGYxYS05ZWUAZC1jMzJkOWE3MDAAYzBmAEYAAAOsY-qGQCwBQ4xb3TLHpgp6BwDXovyD37sqTJHP5h1B9vVmAAACAQ0AAADXovyD37sqTJHP5h1B9vVmAAACnwAAAQ=="
"Contract: Child Welfare - Contract Expiration","2025-07-25 00:00","AAMkADlkNmQ2YjYzLWM1MDMtNGYxYS05ZWVkLWMzMmQ5YTcwMGMwZgBGAAAAAACsY-qGQCwBQ4xb3TLHpgp6BwDXovyD37sqTJHP5h1B9vVmAAAAAAENAADXovyD37sqTJHP5h1B9vVmAAAAAJ8HAAA="
"Contract: Child Welfare - Contract Expiration","2025-07-25 00:00","AAMkADlkNmQ2YjYzLWM1MDMtNGYxYS05ZWVkLWMzMmQ5YTcwMGMwZgBGAAAAAACsY-qGQCwBQ4xb3TLHpgp6BwDXovyD37sqTJHP5h1B9vVmAAAAAAENAADXovyD37sqTJHP5h1B9vVmAAAAAJ8OAAA="
"Contract: Child Welfare - Contract Expiration","2025-07-25 00:00","AAMkADlkNmQ2YjYzLWM1MDMtNGYxYS05ZWVkLWMzMmQ5YTcwMGMwZgBGAAAAAACsY-qGQCwBQ4xb3TLHpgp6BwDXovyD37sqTJHP5h1B9vVmAAAAAAENAADXovyD37sqTJHP5h1B9vVmAAAAAJ8VAAA="
"Contract: Child Welfare - Contract Expiration","2025-07-25 00:00","AAMkADlkNmQ2YjYzLWM1MDMtNGYxYS05ZWVkLWMzMmQ5YTcwMGMwZgBGAAAAAACsY-qGQCwBQ4xb3TLHpgp6BwDXovyD37sqTJHP5h1B9vVmAAAAAAENAADXovyD37sqTJHP5h1B9vVmAAAAAJ8cAAA="
"Contract: Child Welfare - Contract Expiration","2025-07-25 00:00","AAMkADlkNmQ2YjYzLWM1MDMtNGYxYS05ZWVkLWMzMmQ5YTcwMGMwZgBGAAAAAACsY-qGQCwBQ4xb3TLHpgp6BwDXovyD37sqTJHP5h1B9vVmAAAAAAENAADXovyD37sqTJHP5h1B9vVmAAAAAJ8kAAA="
"Contract: Child Welfare - Contract Expiration","2025-07-25 00:00","AAMkADlkNmQ2YjYzLWM1MDMtNGYxYS05ZWVkLWMzMmQ5YTcwMGMwZgBGAAAAAACsY-qGQCwBQ4xb3TLHpgp6BwDXovyD37sqTJHP5h1B9vVmAAAAAAENAADXovyD37sqTJHP5h1B9vVmAAAAAJ8sAAA="
"Contract: Child Welfare - Contract Review","2025-07-25 00:00","AAMkADlkNmQ2YjYzLWM1MDMtNGYxYS05ZWVkLWMzMmQ5YTcwMGMwZgBGAAAAAACsY-qGQCwBQ4xb3TLHpgp6BwDXovyD37sqTJHP5h1B9vVmAAAAAAENAADXovyD37sqTJHP5h1B9vVmAAAAAJ3tAAA="
"Contract: Child Welfare - Contract Review","2025-07-25 00:00","AAMkADlkNmQ2YjYzLWM1MDMtNGYxYS05ZWVkLWMzMmQ5YTcwMGMwZgBGAAAAAACsY-qGQCwBQ4xb3TLHpgp6BwDXovyD37sqTJHP5h1B9vVmAAAAAAENAADXovyD37sqTJHP5h1B9vVmAAAAAJ32AAA="
"Contract: Child Welfare - Contract Review","2025-07-25 00:00","AAMkADlkNmQ2YjYzLWM1MDMtNGYxYS05ZWVkLWMzMmQ5YTcwMGMwZgBGAAAAAACsY-qGQCwBQ4xb3TLHpgp6BwDXovyD37sqTJHP5h1B9vVmAAAAAAENAADXovyD37sqTJHP5h1B9vVmAAAAAJ3-AAA="
"Contract: Child Welfare - Contract Review","2025-07-25 00:00","AAMkADlkNmQ2YjYzLWM1MDMtNGYxYS05ZWVkLWMzMmQ5YTcwMGMwZgBGAAAAAACsY-qGQCwBQ4xb3TLHpgp6BwDXovyD37sqTJHP5h1B9vVmAAAAAAENAADXovyD37sqTJHP5h1B9vVmAAAAAJ4IAAA="
"Contract: Child Welfare - Contract Review","2025-07-25 00:00","AAMkADlkNmQ2YjYzLWM1MDMtNGYxYS05ZWVkLWMzMmQ5YTcwMGMwZgBGAAAAAACsY-qGQCwBQ4xb3TLHpgp6BwDXovyD37sqTJHP5h1B9vVmAAAAAAENAADXovyD37sqTJHP5h1B9vVmAAAAAJ4RAAA="
"Contract: Child Welfare - Contract Review","2025-07-25 00:00","AAMkADlkNmQ2YjYzLWM1MDMtNGYxYS05ZWVkLWMzMmQ5YTcwMGMwZgBGAAAAAACsY-qGQCwBQ4xb3TLHpgp6BwDXovyD37sqTJHP5h1B9vVmAAAAAAENAADXovyD37sqTJHP5h1B9vVmAAAAAJ4aAAA="
"Contract: Child Welfare - Contract Review","2025-07-25 00:00","AAMkADlkNmQ2YjYzLWM1MDMtNGYxYS05ZWVkLWMzMmQ5YTcwMGMwZgBGAAAAAACsY-qGQCwBQ4xb3TLHpgp6BwDXovyD37sqTJHP5h1B9vVmAAAAAAENAADXovyD37sqTJHP5h1B9vVmAAAAAJ4jAAA="
"Contract: Child Welfare - Contract Review","2025-07-25 00:00","AAMkADlkNmQ2YjYzLWM1MDMtNGYxYS05ZWVkLWMzMmQ5YTcwMGMwZgBGAAAAAACsY-qGQCwBQ4xb3TLHpgp6BwDXovyD37sqTJHP5h1B9vVmAAAAAAENAADXovyD37sqTJHP5h1B9vVmAAAAAJ4sAAA="
"Contract: Child Welfare - Contract Review","2025-07-25 00:00","AAMkADlkNmQ2YjYzLWM1MDMtNGYxYS05ZWVkLWMzMmQ5YTcwMGMwZgBGAAAAAACsY-qGQCwBQ4xb3TLHpgp6BwDXovyD37sqTJHP5h1B9vVmAAAAAAENAADXovyD37sqTJHP5h1B9vVmAAAAAJ41AAA="
"Contract: Child Welfare - Contract Review","2025-07-25 00:00","AAMkADlkNmQ2YjYzLWM1MDMtNGYxYS05ZWVkLWMzMmQ5YTcwMGMwZgBGAAAAAACsY-qGQCwBQ4xb3TLHpgp6BwDXovyD37sqTJHP5h1B9vVmAAAAAAENAADXovyD37sqTJHP5h1B9vVmAAAAAJ4_AAA="
"Contract: Child Welfare - Contract Review","2025-07-25 00:00","AAMkADlkNmQ2YjYzLWM1MDMtNGYxYS05ZWVkLWMzMmQ5YTcwMGMwZgBGAAAAAACsY-qGQCwBQ4xb3TLHpgp6BwDXovyD37sqTJHP5h1B9vVmAAAAAAENAADXovyD37sqTJHP5h1B9vVmAAAAAJ5HAAA="
"Contract: Child Welfare - Contract Review","2025-07-25 00:00","AAMkADlkNmQ2YjYzLWM1MDMtNGYxYS05ZWVkLWMzMmQ5YTcwMGMwZgBGAAAAAACsY-qGQCwBQ4xb3TLHpgp6BwDXovyD37sqTJHP5h1B9vVmAAAAAAENAADXovyD37sqTJHP5h1B9vVmAAAAAJ5QAAA="
"Contract: Child Welfare - Contract Review","2025-07-25 00:00","AAMkADlkNmQ2YjYzLWM1MDMtNGYxYS05ZWVkLWMzMmQ5YTcwMGMwZgBGAAAAAACsY-qGQCwBQ4xb3TLHpgp6BwDXovyD37sqTJHP5h1B9vVmAAAAAAENAADXovyD37sqTJHP5h1B9vVmAAAAAJ5ZAAA="
"Contract: Child Welfare - Contract Review","2025-07-25 00:00","AAMkADlkNmQ2YjYzLWM1MDMtNGYxYS05ZWVkLWMzMmQ5YTcwMGMwZgBGAAAAAACsY-qGQCwBQ4xb3TLHpgp6BwDXovyD37sqTJHP5h1B9vVmAAAAAAENAADXovyD37sqTJHP5h1B9vVmAAAAAJ5iAAA="
"Contract: Child Welfare - Contract Review","2025-07-25 00:00","AAMkADlkNmQ2YjYzLWM1MDMtNGYxYS05ZWVkLWMzMmQ5YTcwMGMwZgBGAAAAAACsY-qGQCwBQ4xb3TLHpgp6BwDXovyD37sqTJHP5h1B9vVmAAAAAAENAADXovyD37sqTJHP5h1B9vVmAAAAAJ5rAAA="
"Contract: Child Welfare - Contract Review","2025-07-25 00:00","AAMkADlkNmQ2YjYzLWM1MDMtNGYxYS05ZWVkLWMzMmQ5YTcwMGMwZgBGAAAAAACsY-qGQCwBQ4xb3TLHpgp6BwDXovyD37sqTJHP5h1B9vVmAAAAAAENAADXovyD37sqTJHP5h1B9vVmAAAAAJ50AAA="
"Contract: Child Welfare - Contract Review","2025-07-25 00:00","AAMkADlkNmQ2YjYzLWM1MDMtNGYxYS05ZWVkLWMzMmQ5YTcwMGMwZgBGAAAAAACsY-qGQCwBQ4xb3TLHpgp6BwDXovyD37sqTJHP5h1B9vVmAAAAAAENAADXovyD37sqTJHP5h1B9vVmAAAAAJ59AAA="
"Contract: Child Welfare - Contract Review","2025-07-25 00:00","AAMkADlkNmQ2YjYzLWM1MDMtNGYxYS05ZWVkLWMzMmQ5YTcwMGMwZgBGAAAAAACsY-qGQCwBQ4xb3TLHpgp6BwDXovyD37sqTJHP5h1B9vVmAAAAAAENAADXovyD37sqTJHP5h1B9vVmAAAAAJ6GAAA="
"Contract: Child Welfare - Contract Review","2025-07-25 00:00","AAMkADlkNmQ2YjYzLWM1MDMtNGYxYS05ZWVkLWMzMmQ5YTcwMGMwZgBGAAAAAACsY-qGQCwBQ4xb3TLHpgp6BwDXovyD37sqTJHP5h1B9vVmAAAAAAENAADXovyD37sqTJHP5h1B9vVmAAAAAJ6PAAA="
"Contract: Child Welfare - Contract Review","2025-07-25 00:00","AAMkADlkNmQ2YjYzLWM1MDMtNGYxYS05ZWVkLWMzMmQ5YTcwMGMwZgBGAAAAAACsY-qGQCwBQ4xb3TLHpgp6BwDXovyD37sqTJHP5h1B9vVmAAAAAAENAADXovyD37sqTJHP5h1B9vVmAAAAAJ6YAAA="
"Contract: Child Welfare - Contract Review","2025-07-25 00:00","AAMkADlkNmQ2YjYzLWM1MDMtNGYxYS05ZWVkLWMzMmQ5YTcwMGMwZgBGAAAAAACsY-qGQCwBQ4xb3TLHpgp6BwDXovyD37sqTJHP5h1B9vVmAAAAAAENAADXovyD37sqTJHP5h1B9vVmAAAAAJ6hAAA="
"Contract: Child Welfare - Contract Review","2025-07-25 00:00","AAMkADlkNmQ2YjYzLWM1MDMtNGYxYS05ZWVkLWMzMmQ5YTcwMGMwZgBGAAAAAACsY-qGQCwBQ4xb3TLHpgp6BwDXovyD37sqTJHP5h1B9vVmAAAAAAENAADXovyD37sqTJHP5h1B9vVmAAAAAJ6qAAA="
"Contract: Child Welfare - Contract Review","2025-07-25 00:00","AAMkADlkNmQ2YjYzLWM1MDMtNGYxYS05ZWVkLWMzMmQ5YTcwMGMwZgBGAAAAAACsY-qGQCwBQ4xb3TLHpgp6BwDXovyD37sqTJHP5h1B9vVmAAAAAAENAADXovyD37sqTJHP5h1B9vVmAAAAAJ6zAAA="
"Contract: Child Welfare - Contract Review","2025-07-25 00:00","AAMkADlkNmQ2YjYzLWM1MDMtNGYxYS05ZWVkLWMzMmQ5YTcwMGMwZgBGAAAAAACsY-qGQCwBQ4xb3TLHpgp6BwDXovyD37sqTJHP5h1B9vVmAAAAAAENAADXovyD37sqTJHP5h1B9vVmAAAAAJ68AAA="
"Contract: Child Welfare - Contract Review","2025-07-25 00:00","AAMkADlkNmQ2YjYzLWM1MDMtNGYxYS05ZWVkLWMzMmQ5YTcwMGMwZgBGAAAAAACsY-qGQCwBQ4xb3TLHpgp6BwDXovyD37sqTJHP5h1B9vVmAAAAAAENAADXovyD37sqTJHP5h1B9vVmAAAAAJ7FAAA="
"Contract: Child Welfare - Contract Review","2025-07-25 00:00","AAMkADlkNmQ2YjYzLWM1MDMtNGYxYS05ZWVkLWMzMmQ5YTcwMGMwZgBGAAAAAACsY-qGQCwBQ4xb3TLHpgp6BwDXovyD37sqTJHP5h1B9vVmAAAAAAENAADXovyD37sqTJHP5h1B9vVmAAAAAJ7OAAA="
"Contract: Child Welfare - Contract Review","2025-07-25 00:00","AAMkADlkNmQ2YjYzLWM1MDMtNGYxYS05ZWVkLWMzMmQ5YTcwMGMwZgBGAAAAAACsY-qGQCwBQ4xb3TLHpgp6BwDXovyD37sqTJHP5h1B9vVmAAAAAAENAADXovyD37sqTJHP5h1B9vVmAAAAAJ7YAAA="
"Contract: Child Welfare - Contract Review","2025-07-25 00:00","AAMkADlkNmQ2YjYzLWM1MDMtNGYxYS05ZWVkLWMzMmQ5YTcwMGMwZgBGAAAAAACsY-qGQCwBQ4xb3TLHpgp6BwDXovyD37sqTJHP5h1B9vVmAAAAAAENAADXovyD37sqTJHP5h1B9vVmAAAAAJ7gAAA="
"Contract: Child Welfare - Contract Review","2025-07-25 00:00","AAMkADlkNmQ2YjYzLWM1MDMtNGYxYS05ZWVkLWMzMmQ5YTcwMGMwZgBGAAAAAACsY-qGQCwBQ4xb3TLHpgp6BwDXovyD37sqTJHP5h1B9vVmAAAAAAENAADXovyD37sqTJHP5h1B9vVmAAAAAJ7oAAA="
"Contract: Child Welfare - Contract Review","2025-07-25 00:00","AAMkADlkNmQ2YjYzLWM1MDMtNGYxYS05ZWVkLWMzMmQ5YTcwMGMwZgBGAAAAAACsY-qGQCwBQ4xb3TLHpgp6BwDXovyD37sqTJHP5h1B9vVmAAAAAAENAADXovyD37sqTJHP5h1B9vVmAAAAAJ7wAAA="
"Contract: Child Welfare - Contract Review","2025-07-25 00:00","AAMkADlkNmQ2YjYzLWM1MDMtNGYxYS05ZWVkLWMzMmQ5YTcwMGMwZgBGAAAAAACsY-qGQCwBQ4xb3TLHpgp6BwDXovyD37sqTJHP5h1B9vVmAAAAAAENAADXovyD37sqTJHP5h1B9vVmAAAAAJ74AAA="
"Contract: Child Welfare - Contract Review","2025-07-25 00:00","AAMkADlkNmQ2YjYzLWM1MDMtNGYxYS05ZWVkLWMzMmQ5YTcwMGMwZgBGAAAAAACsY-qGQCwBQ4xb3TLHpgp6BwDXovyD37sqTJHP5h1B9vVmAAAAAAENAADXovyD37sqTJHP5h1B9vVmAAAAAJ8BAAA="
"Contract: Child Welfare - Contract Review","2025-07-25 00:00","AAMkADlkNmQ2YjYzLWM1MDMtNGYxYS05ZWVkLWMzMmQ5YTcwMGMwZgBGAAAAAACsY-qGQCwBQ4xb3TLHpgp6BwDXovyD37sqTJHP5h1B9vVmAAAAAAENAADXovyD37sqTJHP5h1B9vVmAAAAAJ8IAAA="
"Contract: Child Welfare - Contract Review","2025-07-25 00:00","AAMkADlkNmQ2YjYzLWM1MDMtNGYxYS05ZWVkLWMzMmQ5YTcwMGMwZgBGAAAAAACsY-qGQCwBQ4xb3TLHpgp6BwDXovyD37sqTJHP5h1B9vVmAAAAAAENAADXovyD37sqTJHP5h1B9vVmAAAAAJ8PAAA="
"Contract: Child Welfare - Contract Review","2025-07-25 00:00","AAMkADlkNmQ2YjYzLWM1MDMtNGYxYS05ZWVkLWMzMmQ5YTcwMGMwZgBGAAAAAACsY-qGQCwBQ4xb3TLHpgp6BwDXovyD37sqTJHP5h1B9vVmAAAAAAENAADXovyD37sqTJHP5h1B9vVmAAAAAJ8WAAA="
"Contract: Child Welfare - Contract Review","2025-07-25 00:00","AAMkADlkNmQ2YjYzLWM1MDMtNGYxYS05ZWVkLWMzMmQ5YTcwMGMwZgBGAAAAAACsY-qGQCwBQ4xb3TLHpgp6BwDXovyD37sqTJHP5h1B9vVmAAAAAAENAADXovyD37sqTJHP5h1B9vVmAAAAAJ8dAAA="
"Contract: Child Welfare - Contract Review","2025-07-25 00:00","AAMkADlkNmQ2YjYzLWM1MDMtNGYxYS05ZWVkLWMzMmQ5YTcwMGMwZgBGAAAAAACsY-qGQCwBQ4xb3TLHpgp6BwDXovyD37sqTJHP5h1B9vVmAAAAAAENAADXovyD37sqTJHP5h1B9vVmAAAAAJ8lAAA="
"test","2025-07-25 00:00","AAMkADlkNmQ2YjYzLWM1MDMtNGYxYS05ZWVkLWMzMmQ5YTcwMGMwZgBGAAAAAACsY-qGQCwBQ4xb3TLHpgp6BwDXovyD37sqTJHP5h1B9vVmAAAAAAENAADXovyD37sqTJHP5h1B9vVmAAAAAJ3vAAA="
"test","2025-07-25 00:00","AAMkADlkNmQ2YjYzLWM1MDMtNGYxYS05ZWVkLWMzMmQ5YTcwMGMwZgBGAAAAAACsY-qGQCwBQ4xb3TLHpgp6BwDXovyD37sqTJHP5h1B9vVmAAAAAAENAADXovyD37sqTJHP5h1B9vVmAAAAAJ34AAA="
"test","2025-07-25 00:00","AAMkADlkNmQ2YjYzLWM1MDMtNGYxYS05ZWVkLWMzMmQ5YTcwMGMwZgBGAAAAAACsY-qGQCwBQ4xb3TLHpgp6BwDXovyD37sqTJHP5h1B9vVmAAAAAAENAADXovyD37sqTJHP5h1B9vVmAAAAAJ4BAAA="
"test","2025-07-25 00:00","AAMkADlkNmQ2YjYzLWM1MDMtNGYxYS05ZWVkLWMzMmQ5YTcwMGMwZgBGAAAAAACsY-qGQCwBQ4xb3TLHpgp6BwDXovyD37sqTJHP5h1B9vVmAAAAAAENAADXovyD37sqTJHP5h1B9vVmAAAAAJ4KAAA="
"test","2025-07-25 00:00","AAMkADlkNmQ2YjYzLWM1MDMtNGYxYS05ZWVkLWMzMmQ5YTcwMGMwZgBGAAAAAACsY-qGQCwBQ4xb3TLHpgp6BwDXovyD37sqTJHP5h1B9vVmAAAAAAENAADXovyD37sqTJHP5h1B9vVmAAAAAJ4TAAA="
"test","2025-07-25 00:00","AAMkADlkNmQ2YjYzLWM1MDMtNGYxYS05ZWVkLWMzMmQ5YTcwMGMwZgBGAAAAAACsY-qGQCwBQ4xb3TLHpgp6BwDXovyD37sqTJHP5h1B9vVmAAAAAAENAADXovyD37sqTJHP5h1B9vVmAAAAAJ4cAAA="
"test","2025-07-25 00:00","AAMkADlkNmQ2YjYzLWM1MDMtNGYxYS05ZWVkLWMzMmQ5YTcwMGMwZgBGAAAAAACsY-qGQCwBQ4xb3TLHpgp6BwDXovyD37sqTJHP5h1B9vVmAAAAAAENAADXovyD37sqTJHP5h1B9vVmAAAAAJ4lAAA="
"test","2025-07-25 00:00","AAMkADlkNmQ2YjYzLWM1MDMtNGYxYS05ZWVkLWMzMmQ5YTcwMGMwZgBGAAAAAACsY-qGQCwBQ4xb3TLHpgp6BwDXovyD37sqTJHP5h1B9vVmAAAAAAENAADXovyD37sqTJHP5h1B9vVmAAAAAJ4uAAA="
"test","2025-07-25 00:00","AAMkADlkNmQ2YjYzLWM1MDMtNGYxYS05ZWVkLWMzMmQ5YTcwMGMwZgBGAAAAAACsY-qGQCwBQ4xb3TLHpgp6BwDXovyD37sqTJHP5h1B9vVmAAAAAAENAADXovyD37sqTJHP5h1B9vVmAAAAAJ43AAA="
"test","2025-07-25 00:00","AAMkADlkNmQ2YjYzLWM1MDMtNGYxYS05ZWVkLWMzMmQ5YTcwMGMwZgBGAAAAAACsY-qGQCwBQ4xb3TLHpgp6BwDXovyD37sqTJHP5h1B9vVmAAAAAAENAADXovyD37sqTJHP5h1B9vVmAAAAAJ5AAAA="
"test","2025-07-25 00:00","AAMkADlkNmQ2YjYzLWM1MDMtNGYxYS05ZWVkLWMzMmQ5YTcwMGMwZgBGAAAAAACsY-qGQCwBQ4xb3TLHpgp6BwDXovyD37sqTJHP5h1B9vVmAAAAAAENAADXovyD37sqTJHP5h1B9vVmAAAAAJ5JAAA="
"test","2025-07-25 00:00","AAMkADlkNmQ2YjYzLWM1MDMtNGYxYS05ZWVkLWMzMmQ5YTcwMGMwZgBGAAAAAACsY-qGQCwBQ4xb3TLHpgp6BwDXovyD37sqTJHP5h1B9vVmAAAAAAENAADXovyD37sqTJHP5h1B9vVmAAAAAJ5SAAA="
"test","2025-07-25 00:00","AAMkADlkNmQ2YjYzLWM1MDMtNGYxYS05ZWVkLWMzMmQ5YTcwMGMwZgBGAAAAAACsY-qGQCwBQ4xb3TLHpgp6BwDXovyD37sqTJHP5h1B9vVmAAAAAAENAADXovyD37sqTJHP5h1B9vVmAAAAAJ5bAAA="
"test","2025-07-25 00:00","AAMkADlkNmQ2YjYzLWM1MDMtNGYxYS05ZWVkLWMzMmQ5YTcwMGMwZgBGAAAAAACsY-qGQCwBQ4xb3TLHpgp6BwDXovyD37sqTJHP5h1B9vVmAAAAAAENAADXovyD37sqTJHP5h1B9vVmAAAAAJ5kAAA="
"test","2025-07-25 00:00","AAMkADlkNmQ2YjYzLWM1MDMtNGYxYS05ZWVkLWMzMmQ5YTcwMGMwZgBGAAAAAACsY-qGQCwBQ4xb3TLHpgp6BwDXovyD37sqTJHP5h1B9vVmAAAAAAENAADXovyD37sqTJHP5h1B9vVmAAAAAJ5tAAA="
"test","2025-07-25 00:00","AAMkADlkNmQ2YjYzLWM1MDMtNGYxYS05ZWVkLWMzMmQ5YTcwMGMwZgBGAAAAAACsY-qGQCwBQ4xb3TLHpgp6BwDXovyD37sqTJHP5h1B9vVmAAAAAAENAADXovyD37sqTJHP5h1B9vVmAAAAAJ52AAA="
"test","2025-07-25 00:00","AAMkADlkNmQ2YjYzLWM1MDMtNGYxYS05ZWVkLWMzMmQ5YTcwMGMwZgBGAAAAAACsY-qGQCwBQ4xb3TLHpgp6BwDXovyD37sqTJHP5h1B9vVmAAAAAAENAADXovyD37sqTJHP5h1B9vVmAAAAAJ5-AAA="
"test","2025-07-25 00:00","AAMkADlkNmQ2YjYzLWM1MDMtNGYxYS05ZWVkLWMzMmQ5YTcwMGMwZgBGAAAAAACsY-qGQCwBQ4xb3TLHpgp6BwDXovyD37sqTJHP5h1B9vVmAAAAAAENAADXovyD37sqTJHP5h1B9vVmAAAAAJ6IAAA="
"test","2025-07-25 00:00","AAMkADlkNmQ2YjYzLWM1MDMtNGYxYS05ZWVkLWMzMmQ5YTcwMGMwZgBGAAAAAACsY-qGQCwBQ4xb3TLHpgp6BwDXovyD37sqTJHP5h1B9vVmAAAAAAENAADXovyD37sqTJHP5h1B9vVmAAAAAJ6RAAA="
"test","2025-07-25 00:00","AAMkADlkNmQ2YjYzLWM1MDMtNGYxYS05ZWVkLWMzMmQ5YTcwMGMwZgBGAAAAAACsY-qGQCwBQ4xb3TLHpgp6BwDXovyD37sqTJHP5h1B9vVmAAAAAAENAADXovyD37sqTJHP5h1B9vVmAAAAAJ6aAAA="
"test","2025-07-25 00:00","AAMkADlkNmQ2YjYzLWM1MDMtNGYxYS05ZWVkLWMzMmQ5YTcwMGMwZgBGAAAAAACsY-qGQCwBQ4xb3TLHpgp6BwDXovyD37sqTJHP5h1B9vVmAAAAAAENAADXovyD37sqTJHP5h1B9vVmAAAAAJ6jAAA="
"test","2025-07-25 00:00","AAMkADlkNmQ2YjYzLWM1MDMtNGYxYS05ZWVkLWMzMmQ5YTcwMGMwZgBGAAAAAACsY-qGQCwBQ4xb3TLHpgp6BwDXovyD37sqTJHP5h1B9vVmAAAAAAENAADXovyD37sqTJHP5h1B9vVmAAAAAJ6sAAA="
"test","2025-07-25 00:00","AAMkADlkNmQ2YjYzLWM1MDMtNGYxYS05ZWVkLWMzMmQ5YTcwMGMwZgBGAAAAAACsY-qGQCwBQ4xb3TLHpgp6BwDXovyD37sqTJHP5h1B9vVmAAAAAAENAADXovyD37sqTJHP5h1B9vVmAAAAAJ61AAA="
"test","2025-07-25 00:00","AAMkADlkNmQ2YjYzLWM1MDMtNGYxYS05ZWVkLWMzMmQ5YTcwMGMwZgBGAAAAAACsY-qGQCwBQ4xb3TLHpgp6BwDXovyD37sqTJHP5h1B9vVmAAAAAAENAADXovyD37sqTJHP5h1B9vVmAAAAAJ6_AAA="
"test","2025-07-25 00:00","AAMkADlkNmQ2YjYzLWM1MDMtNGYxYS05ZWVkLWMzMmQ5YTcwMGMwZgBGAAAAAACsY-qGQCwBQ4xb3TLHpgp6BwDXovyD37sqTJHP5h1B9vVmAAAAAAENAADXovyD37sqTJHP5h1B9vVmAAAAAJ7HAAA="
"test","2025-07-25 00:00","AAMkADlkNmQ2YjYzLWM1MDMtNGYxYS05ZWVkLWMzMmQ5YTcwMGMwZgBGAAAAAACsY-qGQCwBQ4xb3TLHpgp6BwDXovyD37sqTJHP5h1B9vVmAAAAAAENAADXovyD37sqTJHP5h1B9vVmAAAAAJ7QAAA="
"test","2025-07-27 00:00","AAMkADlkNmQ2YjYzLWM1MDMtNGYxYS05ZWVkLWMzMmQ5YTcwMGMwZgBGAAAAAACsY-qGQCwBQ4xb3TLHpgp6BwDXovyD37sqTJHP5h1B9vVmAAAAAAENAADXovyD37sqTJHP5h1B9vVmAAAAAJ3uAAA="
"test","2025-07-27 00:00","AAMkADlkNmQ2YjYzLWM1MDMtNGYxYS05ZWVkLWMzMmQ5YTcwMGMwZgBGAAAAAACsY-qGQCwBQ4xb3TLHpgp6BwDXovyD37sqTJHP5h1B9vVmAAAAAAENAADXovyD37sqTJHP5h1B9vVmAAAAAJ33AAA="
"test","2025-07-27 00:00","AQMkADlkNmQ2YjYzLWM1MDMtNGYxYS05ZWUAZC1jMzJkOWE3MDAAYzBmAEYAAAOsY-qGQCwBQ4xb3TLHpgp6BwDXovyD37sqTJHP5h1B9vVmAAACAQ0AAADXovyD37sqTJHP5h1B9vVmAAACngAAAQ=="
"test","2025-07-27 00:00","AAMkADlkNmQ2YjYzLWM1MDMtNGYxYS05ZWVkLWMzMmQ5YTcwMGMwZgBGAAAAAACsY-qGQCwBQ4xb3TLHpgp6BwDXovyD37sqTJHP5h1B9vVmAAAAAAENAADXovyD37sqTJHP5h1B9vVmAAAAAJ4bAAA="
"test","2025-07-27 00:00","AAMkADlkNmQ2YjYzLWM1MDMtNGYxYS05ZWVkLWMzMmQ5YTcwMGMwZgBGAAAAAACsY-qGQCwBQ4xb3TLHpgp6BwDXovyD37sqTJHP5h1B9vVmAAAAAAENAADXovyD37sqTJHP5h1B9vVmAAAAAJ4tAAA="
"test","2025-07-27 00:00","AAMkADlkNmQ2YjYzLWM1MDMtNGYxYS05ZWVkLWMzMmQ5YTcwMGMwZgBGAAAAAACsY-qGQCwBQ4xb3TLHpgp6BwDXovyD37sqTJHP5h1B9vVmAAAAAAENAADXovyD37sqTJHP5h1B9vVmAAAAAJ42AAA="
"test","2025-07-27 00:00","AAMkADlkNmQ2YjYzLWM1MDMtNGYxYS05ZWVkLWMzMmQ5YTcwMGMwZgBGAAAAAACsY-qGQCwBQ4xb3TLHpgp6BwDXovyD37sqTJHP5h1B9vVmAAAAAAENAADXovyD37sqTJHP5h1B9vVmAAAAAJ4-AAA="
"test","2025-07-27 00:00","AAMkADlkNmQ2YjYzLWM1MDMtNGYxYS05ZWVkLWMzMmQ5YTcwMGMwZgBGAAAAAACsY-qGQCwBQ4xb3TLHpgp6BwDXovyD37sqTJHP5h1B9vVmAAAAAAENAADXovyD37sqTJHP5h1B9vVmAAAAAJ5RAAA="
"test","2025-07-27 00:00","AAMkADlkNmQ2YjYzLWM1MDMtNGYxYS05ZWVkLWMzMmQ5YTcwMGMwZgBGAAAAAACsY-qGQCwBQ4xb3TLHpgp6BwDXovyD37sqTJHP5h1B9vVmAAAAAAENAADXovyD37sqTJHP5h1B9vVmAAAAAJ5aAAA="
"test","2025-07-27 00:00","AAMkADlkNmQ2YjYzLWM1MDMtNGYxYS05ZWVkLWMzMmQ5YTcwMGMwZgBGAAAAAACsY-qGQCwBQ4xb3TLHpgp6BwDXovyD37sqTJHP5h1B9vVmAAAAAAENAADXovyD37sqTJHP5h1B9vVmAAAAAJ5jAAA="
"test","2025-07-27 00:00","AAMkADlkNmQ2YjYzLWM1MDMtNGYxYS05ZWVkLWMzMmQ5YTcwMGMwZgBGAAAAAACsY-qGQCwBQ4xb3TLHpgp6BwDXovyD37sqTJHP5h1B9vVmAAAAAAENAADXovyD37sqTJHP5h1B9vVmAAAAAJ5sAAA="
"test","2025-07-27 00:00","AAMkADlkNmQ2YjYzLWM1MDMtNGYxYS05ZWVkLWMzMmQ5YTcwMGMwZgBGAAAAAACsY-qGQCwBQ4xb3TLHpgp6BwDXovyD37sqTJHP5h1B9vVmAAAAAAENAADXovyD37sqTJHP5h1B9vVmAAAAAJ51AAA="
"test","2025-07-27 00:00","AAMkADlkNmQ2YjYzLWM1MDMtNGYxYS05ZWVkLWMzMmQ5YTcwMGMwZgBGAAAAAACsY-qGQCwBQ4xb3TLHpgp6BwDXovyD37sqTJHP5h1B9vVmAAAAAAENAADXovyD37sqTJHP5h1B9vVmAAAAAJ5_AAA="
"test","2025-07-27 00:00","AAMkADlkNmQ2YjYzLWM1MDMtNGYxYS05ZWVkLWMzMmQ5YTcwMGMwZgBGAAAAAACsY-qGQCwBQ4xb3TLHpgp6BwDXovyD37sqTJHP5h1B9vVmAAAAAAENAADXovyD37sqTJHP5h1B9vVmAAAAAJ6HAAA="
"test","2025-07-27 00:00","AAMkADlkNmQ2YjYzLWM1MDMtNGYxYS05ZWVkLWMzMmQ5YTcwMGMwZgBGAAAAAACsY-qGQCwBQ4xb3TLHpgp6BwDXovyD37sqTJHP5h1B9vVmAAAAAAENAADXovyD37sqTJHP5h1B9vVmAAAAAJ6ZAAA="
"test","2025-07-27 00:00","AAMkADlkNmQ2YjYzLWM1MDMtNGYxYS05ZWVkLWMzMmQ5YTcwMGMwZgBGAAAAAACsY-qGQCwBQ4xb3TLHpgp6BwDXovyD37sqTJHP5h1B9vVmAAAAAAENAADXovyD37sqTJHP5h1B9vVmAAAAAJ6rAAA="
"test","2025-07-27 00:00","AAMkADlkNmQ2YjYzLWM1MDMtNGYxYS05ZWVkLWMzMmQ5YTcwMGMwZgBGAAAAAACsY-qGQCwBQ4xb3TLHpgp6BwDXovyD37sqTJHP5h1B9vVmAAAAAAENAADXovyD37sqTJHP5h1B9vVmAAAAAJ60AAA="
"test","2025-07-27 00:00","AAMkADlkNmQ2YjYzLWM1MDMtNGYxYS05ZWVkLWMzMmQ5YTcwMGMwZgBGAAAAAACsY-qGQCwBQ4xb3TLHpgp6BwDXovyD37sqTJHP5h1B9vVmAAAAAAENAADXovyD37sqTJHP5h1B9vVmAAAAAJ7GAAA="
"test","2025-07-27 00:00","AAMkADlkNmQ2YjYzLWM1MDMtNGYxYS05ZWVkLWMzMmQ5YTcwMGMwZgBGAAAAAACsY-qGQCwBQ4xb3TLHpgp6BwDXovyD37sqTJHP5h1B9vVmAAAAAAENAADXovyD37sqTJHP5h1B9vVmAAAAAJ7PAAA="
"test","2025-07-27 00:00","AAMkADlkNmQ2YjYzLWM1MDMtNGYxYS05ZWVkLWMzMmQ5YTcwMGMwZgBGAAAAAACsY-qGQCwBQ4xb3TLHpgp6BwDXovyD37sqTJHP5h1B9vVmAAAAAAENAADXovyD37sqTJHP5h1B9vVmAAAAAJ7ZAAA="
"test","2025-07-27 00:00","AAMkADlkNmQ2YjYzLWM1MDMtNGYxYS05ZWVkLWMzMmQ5YTcwMGMwZgBGAAAAAACsY-qGQCwBQ4xb3TLHpgp6BwDXovyD37sqTJHP5h1B9vVmAAAAAAENAADXovyD37sqTJHP5h1B9vVmAAAAAJ7pAAA="
"test","2025-07-27 00:00","AAMkADlkNmQ2YjYzLWM1MDMtNGYxYS05ZWVkLWMzMmQ5YTcwMGMwZgBGAAAAAACsY-qGQCwBQ4xb3TLHpgp6BwDXovyD37sqTJHP5h1B9vVmAAAAAAENAADXovyD37sqTJHP5h1B9vVmAAAAAJ75AAA="
"test","2025-07-27 00:30","AAMkADlkNmQ2YjYzLWM1MDMtNGYxYS05ZWVkLWMzMmQ5YTcwMGMwZgBGAAAAAACsY-qGQCwBQ4xb3TLHpgp6BwDXovyD37sqTJHP5h1B9vVmAAAAAAENAADXovyD37sqTJHP5h1B9vVmAAAAAJ4JAAA="
"Contract: Child Welfare - Contract Expiration","2025-07-28 00:00","AAMkADlkNmQ2YjYzLWM1MDMtNGYxYS05ZWVkLWMzMmQ5YTcwMGMwZgBGAAAAAACsY-qGQCwBQ4xb3TLHpgp6BwDXovyD37sqTJHP5h1B9vVmAAAAAAENAADXovyD37sqTJHP5h1B9vVmAAAAAJ3rAAA="
"Contract: Child Welfare - Contract Expiration","2025-07-28 00:00","AAMkADlkNmQ2YjYzLWM1MDMtNGYxYS05ZWVkLWMzMmQ5YTcwMGMwZgBGAAAAAACsY-qGQCwBQ4xb3TLHpgp6BwDXovyD37sqTJHP5h1B9vVmAAAAAAENAADXovyD37sqTJHP5h1B9vVmAAAAAJ30AAA="
"Contract: Child Welfare - Contract Expiration","2025-07-28 00:00","AAMkADlkNmQ2YjYzLWM1MDMtNGYxYS05ZWVkLWMzMmQ5YTcwMGMwZgBGAAAAAACsY-qGQCwBQ4xb3TLHpgp6BwDXovyD37sqTJHP5h1B9vVmAAAAAAENAADXovyD37sqTJHP5h1B9vVmAAAAAJ39AAA="
"Contract: Child Welfare - Contract Expiration","2025-07-28 00:00","AAMkADlkNmQ2YjYzLWM1MDMtNGYxYS05ZWVkLWMzMmQ5YTcwMGMwZgBGAAAAAACsY-qGQCwBQ4xb3TLHpgp6BwDXovyD37sqTJHP5h1B9vVmAAAAAAENAADXovyD37sqTJHP5h1B9vVmAAAAAJ4GAAA="
"Contract: Child Welfare - Contract Expiration","2025-07-28 00:00","AAMkADlkNmQ2YjYzLWM1MDMtNGYxYS05ZWVkLWMzMmQ5YTcwMGMwZgBGAAAAAACsY-qGQCwBQ4xb3TLHpgp6BwDXovyD37sqTJHP5h1B9vVmAAAAAAENAADXovyD37sqTJHP5h1B9vVmAAAAAJ4PAAA="
"Contract: Child Welfare - Contract Expiration","2025-07-28 00:00","AAMkADlkNmQ2YjYzLWM1MDMtNGYxYS05ZWVkLWMzMmQ5YTcwMGMwZgBGAAAAAACsY-qGQCwBQ4xb3TLHpgp6BwDXovyD37sqTJHP5h1B9vVmAAAAAAENAADXovyD37sqTJHP5h1B9vVmAAAAAJ4YAAA="
"Contract: Child Welfare - Contract Expiration","2025-07-28 00:00","AAMkADlkNmQ2YjYzLWM1MDMtNGYxYS05ZWVkLWMzMmQ5YTcwMGMwZgBGAAAAAACsY-qGQCwBQ4xb3TLHpgp6BwDXovyD37sqTJHP5h1B9vVmAAAAAAENAADXovyD37sqTJHP5h1B9vVmAAAAAJ4hAAA="
"Contract: Child Welfare - Contract Expiration","2025-07-28 00:00","AAMkADlkNmQ2YjYzLWM1MDMtNGYxYS05ZWVkLWMzMmQ5YTcwMGMwZgBGAAAAAACsY-qGQCwBQ4xb3TLHpgp6BwDXovyD37sqTJHP5h1B9vVmAAAAAAENAADXovyD37sqTJHP5h1B9vVmAAAAAJ4qAAA="
"Contract: Child Welfare - Contract Expiration","2025-07-28 00:00","AAMkADlkNmQ2YjYzLWM1MDMtNGYxYS05ZWVkLWMzMmQ5YTcwMGMwZgBGAAAAAACsY-qGQCwBQ4xb3TLHpgp6BwDXovyD37sqTJHP5h1B9vVmAAAAAAENAADXovyD37sqTJHP5h1B9vVmAAAAAJ4zAAA="
"Contract: Child Welfare - Contract Expiration","2025-07-28 00:00","AAMkADlkNmQ2YjYzLWM1MDMtNGYxYS05ZWVkLWMzMmQ5YTcwMGMwZgBGAAAAAACsY-qGQCwBQ4xb3TLHpgp6BwDXovyD37sqTJHP5h1B9vVmAAAAAAENAADXovyD37sqTJHP5h1B9vVmAAAAAJ48AAA="
"Contract: Child Welfare - Contract Expiration","2025-07-28 00:00","AAMkADlkNmQ2YjYzLWM1MDMtNGYxYS05ZWVkLWMzMmQ5YTcwMGMwZgBGAAAAAACsY-qGQCwBQ4xb3TLHpgp6BwDXovyD37sqTJHP5h1B9vVmAAAAAAENAADXovyD37sqTJHP5h1B9vVmAAAAAJ5FAAA="
"Contract: Child Welfare - Contract Expiration","2025-07-28 00:00","AAMkADlkNmQ2YjYzLWM1MDMtNGYxYS05ZWVkLWMzMmQ5YTcwMGMwZgBGAAAAAACsY-qGQCwBQ4xb3TLHpgp6BwDXovyD37sqTJHP5h1B9vVmAAAAAAENAADXovyD37sqTJHP5h1B9vVmAAAAAJ5OAAA="
"Contract: Child Welfare - Contract Expiration","2025-07-28 00:00","AAMkADlkNmQ2YjYzLWM1MDMtNGYxYS05ZWVkLWMzMmQ5YTcwMGMwZgBGAAAAAACsY-qGQCwBQ4xb3TLHpgp6BwDXovyD37sqTJHP5h1B9vVmAAAAAAENAADXovyD37sqTJHP5h1B9vVmAAAAAJ5XAAA="
"Contract: Child Welfare - Contract Expiration","2025-07-28 00:00","AAMkADlkNmQ2YjYzLWM1MDMtNGYxYS05ZWVkLWMzMmQ5YTcwMGMwZgBGAAAAAACsY-qGQCwBQ4xb3TLHpgp6BwDXovyD37sqTJHP5h1B9vVmAAAAAAENAADXovyD37sqTJHP5h1B9vVmAAAAAJ5gAAA="
"Contract: Child Welfare - Contract Expiration","2025-07-28 00:00","AAMkADlkNmQ2YjYzLWM1MDMtNGYxYS05ZWVkLWMzMmQ5YTcwMGMwZgBGAAAAAACsY-qGQCwBQ4xb3TLHpgp6BwDXovyD37sqTJHP5h1B9vVmAAAAAAENAADXovyD37sqTJHP5h1B9vVmAAAAAJ5pAAA="
"Contract: Child Welfare - Contract Expiration","2025-07-28 00:00","AAMkADlkNmQ2YjYzLWM1MDMtNGYxYS05ZWVkLWMzMmQ5YTcwMGMwZgBGAAAAAACsY-qGQCwBQ4xb3TLHpgp6BwDXovyD37sqTJHP5h1B9vVmAAAAAAENAADXovyD37sqTJHP5h1B9vVmAAAAAJ5yAAA="
"Contract: Child Welfare - Contract Expiration","2025-07-28 00:00","AAMkADlkNmQ2YjYzLWM1MDMtNGYxYS05ZWVkLWMzMmQ5YTcwMGMwZgBGAAAAAACsY-qGQCwBQ4xb3TLHpgp6BwDXovyD37sqTJHP5h1B9vVmAAAAAAENAADXovyD37sqTJHP5h1B9vVmAAAAAJ57AAA="
"Contract: Child Welfare - Contract Expiration","2025-07-28 00:00","AAMkADlkNmQ2YjYzLWM1MDMtNGYxYS05ZWVkLWMzMmQ5YTcwMGMwZgBGAAAAAACsY-qGQCwBQ4xb3TLHpgp6BwDXovyD37sqTJHP5h1B9vVmAAAAAAENAADXovyD37sqTJHP5h1B9vVmAAAAAJ6EAAA="
"Contract: Child Welfare - Contract Expiration","2025-07-28 00:00","AAMkADlkNmQ2YjYzLWM1MDMtNGYxYS05ZWVkLWMzMmQ5YTcwMGMwZgBGAAAAAACsY-qGQCwBQ4xb3TLHpgp6BwDXovyD37sqTJHP5h1B9vVmAAAAAAENAADXovyD37sqTJHP5h1B9vVmAAAAAJ6NAAA="
"Contract: Child Welfare - Contract Expiration","2025-07-28 00:00","AAMkADlkNmQ2YjYzLWM1MDMtNGYxYS05ZWVkLWMzMmQ5YTcwMGMwZgBGAAAAAACsY-qGQCwBQ4xb3TLHpgp6BwDXovyD37sqTJHP5h1B9vVmAAAAAAENAADXovyD37sqTJHP5h1B9vVmAAAAAJ6WAAA="
"Contract: Child Welfare - Contract Expiration","2025-07-28 00:00","AAMkADlkNmQ2YjYzLWM1MDMtNGYxYS05ZWVkLWMzMmQ5YTcwMGMwZgBGAAAAAACsY-qGQCwBQ4xb3TLHpgp6BwDXovyD37sqTJHP5h1B9vVmAAAAAAENAADXovyD37sqTJHP5h1B9vVmAAAAAJ6fAAA="
"Contract: Child Welfare - Contract Expiration","2025-07-28 00:00","AAMkADlkNmQ2YjYzLWM1MDMtNGYxYS05ZWVkLWMzMmQ5YTcwMGMwZgBGAAAAAACsY-qGQCwBQ4xb3TLHpgp6BwDXovyD37sqTJHP5h1B9vVmAAAAAAENAADXovyD37sqTJHP5h1B9vVmAAAAAJ6oAAA="
"Contract: Child Welfare - Contract Expiration","2025-07-28 00:00","AAMkADlkNmQ2YjYzLWM1MDMtNGYxYS05ZWVkLWMzMmQ5YTcwMGMwZgBGAAAAAACsY-qGQCwBQ4xb3TLHpgp6BwDXovyD37sqTJHP5h1B9vVmAAAAAAENAADXovyD37sqTJHP5h1B9vVmAAAAAJ6xAAA="
"Contract: Child Welfare - Contract Expiration","2025-07-28 00:00","AAMkADlkNmQ2YjYzLWM1MDMtNGYxYS05ZWVkLWMzMmQ5YTcwMGMwZgBGAAAAAACsY-qGQCwBQ4xb3TLHpgp6BwDXovyD37sqTJHP5h1B9vVmAAAAAAENAADXovyD37sqTJHP5h1B9vVmAAAAAJ66AAA="
"Contract: Child Welfare - Contract Expiration","2025-07-28 00:00","AAMkADlkNmQ2YjYzLWM1MDMtNGYxYS05ZWVkLWMzMmQ5YTcwMGMwZgBGAAAAAACsY-qGQCwBQ4xb3TLHpgp6BwDXovyD37sqTJHP5h1B9vVmAAAAAAENAADXovyD37sqTJHP5h1B9vVmAAAAAJ7DAAA="
"Contract: Child Welfare - Contract Expiration","2025-07-28 00:00","AAMkADlkNmQ2YjYzLWM1MDMtNGYxYS05ZWVkLWMzMmQ5YTcwMGMwZgBGAAAAAACsY-qGQCwBQ4xb3TLHpgp6BwDXovyD37sqTJHP5h1B9vVmAAAAAAENAADXovyD37sqTJHP5h1B9vVmAAAAAJ7MAAA="
"Contract: Child Welfare - Contract Expiration","2025-07-28 00:00","AAMkADlkNmQ2YjYzLWM1MDMtNGYxYS05ZWVkLWMzMmQ5YTcwMGMwZgBGAAAAAACsY-qGQCwBQ4xb3TLHpgp6BwDXovyD37sqTJHP5h1B9vVmAAAAAAENAADXovyD37sqTJHP5h1B9vVmAAAAAJ7WAAA="
"Contract: Child Welfare - Contract Expiration","2025-07-28 00:00","AAMkADlkNmQ2YjYzLWM1MDMtNGYxYS05ZWVkLWMzMmQ5YTcwMGMwZgBGAAAAAACsY-qGQCwBQ4xb3TLHpgp6BwDXovyD37sqTJHP5h1B9vVmAAAAAAENAADXovyD37sqTJHP5h1B9vVmAAAAAJ7eAAA="
"Contract: Child Welfare - Contract Expiration","2025-07-28 00:00","AAMkADlkNmQ2YjYzLWM1MDMtNGYxYS05ZWVkLWMzMmQ5YTcwMGMwZgBGAAAAAACsY-qGQCwBQ4xb3TLHpgp6BwDXovyD37sqTJHP5h1B9vVmAAAAAAENAADXovyD37sqTJHP5h1B9vVmAAAAAJ7mAAA="
"Contract: Child Welfare - Contract Expiration","2025-07-28 00:00","AAMkADlkNmQ2YjYzLWM1MDMtNGYxYS05ZWVkLWMzMmQ5YTcwMGMwZgBGAAAAAACsY-qGQCwBQ4xb3TLHpgp6BwDXovyD37sqTJHP5h1B9vVmAAAAAAENAADXovyD37sqTJHP5h1B9vVmAAAAAJ7uAAA="
"Contract: Child Welfare - Contract Expiration","2025-07-28 00:00","AAMkADlkNmQ2YjYzLWM1MDMtNGYxYS05ZWVkLWMzMmQ5YTcwMGMwZgBGAAAAAACsY-qGQCwBQ4xb3TLHpgp6BwDXovyD37sqTJHP5h1B9vVmAAAAAAENAADXovyD37sqTJHP5h1B9vVmAAAAAJ72AAA="
"Contract: Child Welfare - Contract Expiration","2025-07-28 00:00","AAMkADlkNmQ2YjYzLWM1MDMtNGYxYS05ZWVkLWMzMmQ5YTcwMGMwZgBGAAAAAACsY-qGQCwBQ4xb3TLHpgp6BwDXovyD37sqTJHP5h1B9vVmAAAAAAENAADXovyD37sqTJHP5h1B9vVmAAAAAJ7-AAA="
"Contract: Child Welfare - Contract Expiration","2025-07-28 00:00","AAMkADlkNmQ2YjYzLWM1MDMtNGYxYS05ZWVkLWMzMmQ5YTcwMGMwZgBGAAAAAACsY-qGQCwBQ4xb3TLHpgp6BwDXovyD37sqTJHP5h1B9vVmAAAAAAENAADXovyD37sqTJHP5h1B9vVmAAAAAJ8GAAA="
"Contract: Child Welfare - Contract Expiration","2025-07-28 00:00","AAMkADlkNmQ2YjYzLWM1MDMtNGYxYS05ZWVkLWMzMmQ5YTcwMGMwZgBGAAAAAACsY-qGQCwBQ4xb3TLHpgp6BwDXovyD37sqTJHP5h1B9vVmAAAAAAENAADXovyD37sqTJHP5h1B9vVmAAAAAJ8NAAA="
"Contract: Child Welfare - Contract Expiration","2025-07-28 00:00","AAMkADlkNmQ2YjYzLWM1MDMtNGYxYS05ZWVkLWMzMmQ5YTcwMGMwZgBGAAAAAACsY-qGQCwBQ4xb3TLHpgp6BwDXovyD37sqTJHP5h1B9vVmAAAAAAENAADXovyD37sqTJHP5h1B9vVmAAAAAJ8UAAA="
"Contract: Child Welfare - Contract Expiration","2025-07-28 00:00","AAMkADlkNmQ2YjYzLWM1MDMtNGYxYS05ZWVkLWMzMmQ5YTcwMGMwZgBGAAAAAACsY-qGQCwBQ4xb3TLHpgp6BwDXovyD37sqTJHP5h1B9vVmAAAAAAENAADXovyD37sqTJHP5h1B9vVmAAAAAJ8bAAA="
"Contract: Child Welfare - Contract Expiration","2025-07-28 00:00","AAMkADlkNmQ2YjYzLWM1MDMtNGYxYS05ZWVkLWMzMmQ5YTcwMGMwZgBGAAAAAACsY-qGQCwBQ4xb3TLHpgp6BwDXovyD37sqTJHP5h1B9vVmAAAAAAENAADXovyD37sqTJHP5h1B9vVmAAAAAJ8jAAA="
"Contract: Child Welfare - Contract Expiration","2025-07-28 00:00","AAMkADlkNmQ2YjYzLWM1MDMtNGYxYS05ZWVkLWMzMmQ5YTcwMGMwZgBGAAAAAACsY-qGQCwBQ4xb3TLHpgp6BwDXovyD37sqTJHP5h1B9vVmAAAAAAENAADXovyD37sqTJHP5h1B9vVmAAAAAJ8rAAA="
"Contract: Child Welfare - Contract Expiration","2025-07-28 04:00","AAMkADlkNmQ2YjYzLWM1MDMtNGYxYS05ZWVkLWMzMmQ5YTcwMGMwZgBGAAAAAACsY-qGQCwBQ4xb3TLHpgp6BwDXovyD37sqTJHP5h1B9vVmAAAAAAENAADXovyD37sqTJHP5h1B9vVmAAAAAJ8yAAA="
"Contract: Behavioral Health - Audit","2025-07-29 00:00","AAMkADlkNmQ2YjYzLWM1MDMtNGYxYS05ZWVkLWMzMmQ5YTcwMGMwZgBGAAAAAACsY-qGQCwBQ4xb3TLHpgp6BwDXovyD37sqTJHP5h1B9vVmAAAAAAENAADXovyD37sqTJHP5h1B9vVmAAAAAJ3qAAA="
"Contract: Behavioral Health - Audit","2025-07-29 00:00","AAMkADlkNmQ2YjYzLWM1MDMtNGYxYS05ZWVkLWMzMmQ5YTcwMGMwZgBGAAAAAACsY-qGQCwBQ4xb3TLHpgp6BwDXovyD37sqTJHP5h1B9vVmAAAAAAENAADXovyD37sqTJHP5h1B9vVmAAAAAJ3zAAA="
"Contract: Behavioral Health - Audit","2025-07-29 00:00","AAMkADlkNmQ2YjYzLWM1MDMtNGYxYS05ZWVkLWMzMmQ5YTcwMGMwZgBGAAAAAACsY-qGQCwBQ4xb3TLHpgp6BwDXovyD37sqTJHP5h1B9vVmAAAAAAENAADXovyD37sqTJHP5h1B9vVmAAAAAJ38AAA="
"Contract: Behavioral Health - Audit","2025-07-29 00:00","AAMkADlkNmQ2YjYzLWM1MDMtNGYxYS05ZWVkLWMzMmQ5YTcwMGMwZgBGAAAAAACsY-qGQCwBQ4xb3TLHpgp6BwDXovyD37sqTJHP5h1B9vVmAAAAAAENAADXovyD37sqTJHP5h1B9vVmAAAAAJ4FAAA="
"Contract: Behavioral Health - Audit","2025-07-29 00:00","AAMkADlkNmQ2YjYzLWM1MDMtNGYxYS05ZWVkLWMzMmQ5YTcwMGMwZgBGAAAAAACsY-qGQCwBQ4xb3TLHpgp6BwDXovyD37sqTJHP5h1B9vVmAAAAAAENAADXovyD37sqTJHP5h1B9vVmAAAAAJ4OAAA="
"Contract: Behavioral Health - Audit","2025-07-29 00:00","AAMkADlkNmQ2YjYzLWM1MDMtNGYxYS05ZWVkLWMzMmQ5YTcwMGMwZgBGAAAAAACsY-qGQCwBQ4xb3TLHpgp6BwDXovyD37sqTJHP5h1B9vVmAAAAAAENAADXovyD37sqTJHP5h1B9vVmAAAAAJ4XAAA="
"Contract: Behavioral Health - Audit","2025-07-29 00:00","AAMkADlkNmQ2YjYzLWM1MDMtNGYxYS05ZWVkLWMzMmQ5YTcwMGMwZgBGAAAAAACsY-qGQCwBQ4xb3TLHpgp6BwDXovyD37sqTJHP5h1B9vVmAAAAAAENAADXovyD37sqTJHP5h1B9vVmAAAAAJ4gAAA="
"Contract: Behavioral Health - Audit","2025-07-29 00:00","AAMkADlkNmQ2YjYzLWM1MDMtNGYxYS05ZWVkLWMzMmQ5YTcwMGMwZgBGAAAAAACsY-qGQCwBQ4xb3TLHpgp6BwDXovyD37sqTJHP5h1B9vVmAAAAAAENAADXovyD37sqTJHP5h1B9vVmAAAAAJ4pAAA="
"Contract: Behavioral Health - Audit","2025-07-29 00:00","AAMkADlkNmQ2YjYzLWM1MDMtNGYxYS05ZWVkLWMzMmQ5YTcwMGMwZgBGAAAAAACsY-qGQCwBQ4xb3TLHpgp6BwDXovyD37sqTJHP5h1B9vVmAAAAAAENAADXovyD37sqTJHP5h1B9vVmAAAAAJ4yAAA="
"Contract: Behavioral Health - Audit","2025-07-29 00:00","AAMkADlkNmQ2YjYzLWM1MDMtNGYxYS05ZWVkLWMzMmQ5YTcwMGMwZgBGAAAAAACsY-qGQCwBQ4xb3TLHpgp6BwDXovyD37sqTJHP5h1B9vVmAAAAAAENAADXovyD37sqTJHP5h1B9vVmAAAAAJ47AAA="
"Contract: Behavioral Health - Audit","2025-07-29 00:00","AAMkADlkNmQ2YjYzLWM1MDMtNGYxYS05ZWVkLWMzMmQ5YTcwMGMwZgBGAAAAAACsY-qGQCwBQ4xb3TLHpgp6BwDXovyD37sqTJHP5h1B9vVmAAAAAAENAADXovyD37sqTJHP5h1B9vVmAAAAAJ5EAAA="
"Contract: Behavioral Health - Audit","2025-07-29 00:00","AAMkADlkNmQ2YjYzLWM1MDMtNGYxYS05ZWVkLWMzMmQ5YTcwMGMwZgBGAAAAAACsY-qGQCwBQ4xb3TLHpgp6BwDXovyD37sqTJHP5h1B9vVmAAAAAAENAADXovyD37sqTJHP5h1B9vVmAAAAAJ5NAAA="
"Contract: Behavioral Health - Audit","2025-07-29 00:00","AAMkADlkNmQ2YjYzLWM1MDMtNGYxYS05ZWVkLWMzMmQ5YTcwMGMwZgBGAAAAAACsY-qGQCwBQ4xb3TLHpgp6BwDXovyD37sqTJHP5h1B9vVmAAAAAAENAADXovyD37sqTJHP5h1B9vVmAAAAAJ5WAAA="
"Contract: Behavioral Health - Audit","2025-07-29 00:00","AAMkADlkNmQ2YjYzLWM1MDMtNGYxYS05ZWVkLWMzMmQ5YTcwMGMwZgBGAAAAAACsY-qGQCwBQ4xb3TLHpgp6BwDXovyD37sqTJHP5h1B9vVmAAAAAAENAADXovyD37sqTJHP5h1B9vVmAAAAAJ5fAAA="
"Contract: Behavioral Health - Audit","2025-07-29 00:00","AAMkADlkNmQ2YjYzLWM1MDMtNGYxYS05ZWVkLWMzMmQ5YTcwMGMwZgBGAAAAAACsY-qGQCwBQ4xb3TLHpgp6BwDXovyD37sqTJHP5h1B9vVmAAAAAAENAADXovyD37sqTJHP5h1B9vVmAAAAAJ5oAAA="
"Contract: Behavioral Health - Audit","2025-07-29 00:00","AAMkADlkNmQ2YjYzLWM1MDMtNGYxYS05ZWVkLWMzMmQ5YTcwMGMwZgBGAAAAAACsY-qGQCwBQ4xb3TLHpgp6BwDXovyD37sqTJHP5h1B9vVmAAAAAAENAADXovyD37sqTJHP5h1B9vVmAAAAAJ5xAAA="
"Contract: Behavioral Health - Audit","2025-07-29 00:00","AAMkADlkNmQ2YjYzLWM1MDMtNGYxYS05ZWVkLWMzMmQ5YTcwMGMwZgBGAAAAAACsY-qGQCwBQ4xb3TLHpgp6BwDXovyD37sqTJHP5h1B9vVmAAAAAAENAADXovyD37sqTJHP5h1B9vVmAAAAAJ56AAA="
"Contract: Behavioral Health - Audit","2025-07-29 00:00","AAMkADlkNmQ2YjYzLWM1MDMtNGYxYS05ZWVkLWMzMmQ5YTcwMGMwZgBGAAAAAACsY-qGQCwBQ4xb3TLHpgp6BwDXovyD37sqTJHP5h1B9vVmAAAAAAENAADXovyD37sqTJHP5h1B9vVmAAAAAJ6DAAA="
"Contract: Behavioral Health - Audit","2025-07-29 00:00","AAMkADlkNmQ2YjYzLWM1MDMtNGYxYS05ZWVkLWMzMmQ5YTcwMGMwZgBGAAAAAACsY-qGQCwBQ4xb3TLHpgp6BwDXovyD37sqTJHP5h1B9vVmAAAAAAENAADXovyD37sqTJHP5h1B9vVmAAAAAJ6MAAA="
"Contract: Behavioral Health - Audit","2025-07-29 00:00","AAMkADlkNmQ2YjYzLWM1MDMtNGYxYS05ZWVkLWMzMmQ5YTcwMGMwZgBGAAAAAACsY-qGQCwBQ4xb3TLHpgp6BwDXovyD37sqTJHP5h1B9vVmAAAAAAENAADXovyD37sqTJHP5h1B9vVmAAAAAJ6VAAA="
"Contract: Behavioral Health - Audit","2025-07-29 00:00","AAMkADlkNmQ2YjYzLWM1MDMtNGYxYS05ZWVkLWMzMmQ5YTcwMGMwZgBGAAAAAACsY-qGQCwBQ4xb3TLHpgp6BwDXovyD37sqTJHP5h1B9vVmAAAAAAENAADXovyD37sqTJHP5h1B9vVmAAAAAJ6eAAA="
"Contract: Behavioral Health - Audit","2025-07-29 00:00","AAMkADlkNmQ2YjYzLWM1MDMtNGYxYS05ZWVkLWMzMmQ5YTcwMGMwZgBGAAAAAACsY-qGQCwBQ4xb3TLHpgp6BwDXovyD37sqTJHP5h1B9vVmAAAAAAENAADXovyD37sqTJHP5h1B9vVmAAAAAJ6nAAA="
"Contract: Behavioral Health - Audit","2025-07-29 00:00","AAMkADlkNmQ2YjYzLWM1MDMtNGYxYS05ZWVkLWMzMmQ5YTcwMGMwZgBGAAAAAACsY-qGQCwBQ4xb3TLHpgp6BwDXovyD37sqTJHP5h1B9vVmAAAAAAENAADXovyD37sqTJHP5h1B9vVmAAAAAJ6wAAA="
"Contract: Behavioral Health - Audit","2025-07-29 00:00","AAMkADlkNmQ2YjYzLWM1MDMtNGYxYS05ZWVkLWMzMmQ5YTcwMGMwZgBGAAAAAACsY-qGQCwBQ4xb3TLHpgp6BwDXovyD37sqTJHP5h1B9vVmAAAAAAENAADXovyD37sqTJHP5h1B9vVmAAAAAJ65AAA="
"Contract: Behavioral Health - Audit","2025-07-29 00:00","AAMkADlkNmQ2YjYzLWM1MDMtNGYxYS05ZWVkLWMzMmQ5YTcwMGMwZgBGAAAAAACsY-qGQCwBQ4xb3TLHpgp6BwDXovyD37sqTJHP5h1B9vVmAAAAAAENAADXovyD37sqTJHP5h1B9vVmAAAAAJ7CAAA="
"Contract: Behavioral Health - Audit","2025-07-29 00:00","AAMkADlkNmQ2YjYzLWM1MDMtNGYxYS05ZWVkLWMzMmQ5YTcwMGMwZgBGAAAAAACsY-qGQCwBQ4xb3TLHpgp6BwDXovyD37sqTJHP5h1B9vVmAAAAAAENAADXovyD37sqTJHP5h1B9vVmAAAAAJ7LAAA="
"Contract: Behavioral Health - Audit","2025-07-29 00:00","AAMkADlkNmQ2YjYzLWM1MDMtNGYxYS05ZWVkLWMzMmQ5YTcwMGMwZgBGAAAAAACsY-qGQCwBQ4xb3TLHpgp6BwDXovyD37sqTJHP5h1B9vVmAAAAAAENAADXovyD37sqTJHP5h1B9vVmAAAAAJ7VAAA="
"Contract: Behavioral Health - Audit","2025-07-29 00:00","AAMkADlkNmQ2YjYzLWM1MDMtNGYxYS05ZWVkLWMzMmQ5YTcwMGMwZgBGAAAAAACsY-qGQCwBQ4xb3TLHpgp6BwDXovyD37sqTJHP5h1B9vVmAAAAAAENAADXovyD37sqTJHP5h1B9vVmAAAAAJ7dAAA="
"Contract: Behavioral Health - Audit","2025-07-29 00:00","AAMkADlkNmQ2YjYzLWM1MDMtNGYxYS05ZWVkLWMzMmQ5YTcwMGMwZgBGAAAAAACsY-qGQCwBQ4xb3TLHpgp6BwDXovyD37sqTJHP5h1B9vVmAAAAAAENAADXovyD37sqTJHP5h1B9vVmAAAAAJ7lAAA="
"Contract: Behavioral Health - Audit","2025-07-29 00:00","AAMkADlkNmQ2YjYzLWM1MDMtNGYxYS05ZWVkLWMzMmQ5YTcwMGMwZgBGAAAAAACsY-qGQCwBQ4xb3TLHpgp6BwDXovyD37sqTJHP5h1B9vVmAAAAAAENAADXovyD37sqTJHP5h1B9vVmAAAAAJ7tAAA="
"Contract: Behavioral Health - Audit","2025-07-29 00:00","AAMkADlkNmQ2YjYzLWM1MDMtNGYxYS05ZWVkLWMzMmQ5YTcwMGMwZgBGAAAAAACsY-qGQCwBQ4xb3TLHpgp6BwDXovyD37sqTJHP5h1B9vVmAAAAAAENAADXovyD37sqTJHP5h1B9vVmAAAAAJ71AAA="
"Contract: Behavioral Health - Audit","2025-07-29 00:00","AAMkADlkNmQ2YjYzLWM1MDMtNGYxYS05ZWVkLWMzMmQ5YTcwMGMwZgBGAAAAAACsY-qGQCwBQ4xb3TLHpgp6BwDXovyD37sqTJHP5h1B9vVmAAAAAAENAADXovyD37sqTJHP5h1B9vVmAAAAAJ7_AAA="
"Contract: Behavioral Health - Audit","2025-07-29 00:00","AAMkADlkNmQ2YjYzLWM1MDMtNGYxYS05ZWVkLWMzMmQ5YTcwMGMwZgBGAAAAAACsY-qGQCwBQ4xb3TLHpgp6BwDXovyD37sqTJHP5h1B9vVmAAAAAAENAADXovyD37sqTJHP5h1B9vVmAAAAAJ8FAAA="
"Contract: Behavioral Health - Audit","2025-07-29 00:00","AAMkADlkNmQ2YjYzLWM1MDMtNGYxYS05ZWVkLWMzMmQ5YTcwMGMwZgBGAAAAAACsY-qGQCwBQ4xb3TLHpgp6BwDXovyD37sqTJHP5h1B9vVmAAAAAAENAADXovyD37sqTJHP5h1B9vVmAAAAAJ8MAAA="
"Contract: Behavioral Health - Audit","2025-07-29 00:00","AAMkADlkNmQ2YjYzLWM1MDMtNGYxYS05ZWVkLWMzMmQ5YTcwMGMwZgBGAAAAAACsY-qGQCwBQ4xb3TLHpgp6BwDXovyD37sqTJHP5h1B9vVmAAAAAAENAADXovyD37sqTJHP5h1B9vVmAAAAAJ8TAAA="
"Contract: Behavioral Health - Audit","2025-07-29 00:00","AAMkADlkNmQ2YjYzLWM1MDMtNGYxYS05ZWVkLWMzMmQ5YTcwMGMwZgBGAAAAAACsY-qGQCwBQ4xb3TLHpgp6BwDXovyD37sqTJHP5h1B9vVmAAAAAAENAADXovyD37sqTJHP5h1B9vVmAAAAAJ8aAAA="
"Contract: Behavioral Health - Audit","2025-07-29 00:00","AAMkADlkNmQ2YjYzLWM1MDMtNGYxYS05ZWVkLWMzMmQ5YTcwMGMwZgBGAAAAAACsY-qGQCwBQ4xb3TLHpgp6BwDXovyD37sqTJHP5h1B9vVmAAAAAAENAADXovyD37sqTJHP5h1B9vVmAAAAAJ8iAAA="
"Contract: Behavioral Health - Audit","2025-07-29 00:00","AAMkADlkNmQ2YjYzLWM1MDMtNGYxYS05ZWVkLWMzMmQ5YTcwMGMwZgBGAAAAAACsY-qGQCwBQ4xb3TLHpgp6BwDXovyD37sqTJHP5h1B9vVmAAAAAAENAADXovyD37sqTJHP5h1B9vVmAAAAAJ8qAAA="
"Contract: Behavioral Health - Audit","2025-07-29 04:00","AAMkADlkNmQ2YjYzLWM1MDMtNGYxYS05ZWVkLWMzMmQ5YTcwMGMwZgBGAAAAAACsY-qGQCwBQ4xb3TLHpgp6BwDXovyD37sqTJHP5h1B9vVmAAAAAAENAADXovyD37sqTJHP5h1B9vVmAAAAAJ8xAAA="
"Contract: Behavioral Health - Audit","2025-07-29 04:00","AAMkADlkNmQ2YjYzLWM1MDMtNGYxYS05ZWVkLWMzMmQ5YTcwMGMwZgBGAAAAAACsY-qGQCwBQ4xb3TLHpgp6BwDXovyD37sqTJHP5h1B9vVmAAAAAAENAADXovyD37sqTJHP5h1B9vVmAAAAAJ83AAA="
"Budget Review","2025-08-12 00:00","AAMkADlkNmQ2YjYzLWM1MDMtNGYxYS05ZWVkLWMzMmQ5YTcwMGMwZgBGAAAAAACsY-qGQCwBQ4xb3TLHpgp6BwDXovyD37sqTJHP5h1B9vVmAAAAAAENAADXovyD37sqTJHP5h1B9vVmAAAAAJ3pAAA="
"Budget Review","2025-08-12 00:00","AAMkADlkNmQ2YjYzLWM1MDMtNGYxYS05ZWVkLWMzMmQ5YTcwMGMwZgBGAAAAAACsY-qGQCwBQ4xb3TLHpgp6BwDXovyD37sqTJHP5h1B9vVmAAAAAAENAADXovyD37sqTJHP5h1B9vVmAAAAAJ3yAAA="
"Budget Review","2025-08-12 00:00","AAMkADlkNmQ2YjYzLWM1MDMtNGYxYS05ZWVkLWMzMmQ5YTcwMGMwZgBGAAAAAACsY-qGQCwBQ4xb3TLHpgp6BwDXovyD37sqTJHP5h1B9vVmAAAAAAENAADXovyD37sqTJHP5h1B9vVmAAAAAJ37AAA="
"Budget Review","2025-08-12 00:00","AAMkADlkNmQ2YjYzLWM1MDMtNGYxYS05ZWVkLWMzMmQ5YTcwMGMwZgBGAAAAAACsY-qGQCwBQ4xb3TLHpgp6BwDXovyD37sqTJHP5h1B9vVmAAAAAAENAADXovyD37sqTJHP5h1B9vVmAAAAAJ4EAAA="
"Budget Review","2025-08-12 00:00","AAMkADlkNmQ2YjYzLWM1MDMtNGYxYS05ZWVkLWMzMmQ5YTcwMGMwZgBGAAAAAACsY-qGQCwBQ4xb3TLHpgp6BwDXovyD37sqTJHP5h1B9vVmAAAAAAENAADXovyD37sqTJHP5h1B9vVmAAAAAJ4NAAA="
"Budget Review","2025-08-12 00:00","AAMkADlkNmQ2YjYzLWM1MDMtNGYxYS05ZWVkLWMzMmQ5YTcwMGMwZgBGAAAAAACsY-qGQCwBQ4xb3TLHpgp6BwDXovyD37sqTJHP5h1B9vVmAAAAAAENAADXovyD37sqTJHP5h1B9vVmAAAAAJ4WAAA="
"Budget Review","2025-08-12 00:00","AAMkADlkNmQ2YjYzLWM1MDMtNGYxYS05ZWVkLWMzMmQ5YTcwMGMwZgBGAAAAAACsY-qGQCwBQ4xb3TLHpgp6BwDXovyD37sqTJHP5h1B9vVmAAAAAAENAADXovyD37sqTJHP5h1B9vVmAAAAAJ4fAAA="
"Budget Review","2025-08-12 00:00","AAMkADlkNmQ2YjYzLWM1MDMtNGYxYS05ZWVkLWMzMmQ5YTcwMGMwZgBGAAAAAACsY-qGQCwBQ4xb3TLHpgp6BwDXovyD37sqTJHP5h1B9vVmAAAAAAENAADXovyD37sqTJHP5h1B9vVmAAAAAJ4oAAA="
"Budget Review","2025-08-12 00:00","AAMkADlkNmQ2YjYzLWM1MDMtNGYxYS05ZWVkLWMzMmQ5YTcwMGMwZgBGAAAAAACsY-qGQCwBQ4xb3TLHpgp6BwDXovyD37sqTJHP5h1B9vVmAAAAAAENAADXovyD37sqTJHP5h1B9vVmAAAAAJ4xAAA="
"Budget Review","2025-08-12 00:00","AAMkADlkNmQ2YjYzLWM1MDMtNGYxYS05ZWVkLWMzMmQ5YTcwMGMwZgBGAAAAAACsY-qGQCwBQ4xb3TLHpgp6BwDXovyD37sqTJHP5h1B9vVmAAAAAAENAADXovyD37sqTJHP5h1B9vVmAAAAAJ46AAA="
"Budget Review","2025-08-12 00:00","AAMkADlkNmQ2YjYzLWM1MDMtNGYxYS05ZWVkLWMzMmQ5YTcwMGMwZgBGAAAAAACsY-qGQCwBQ4xb3TLHpgp6BwDXovyD37sqTJHP5h1B9vVmAAAAAAENAADXovyD37sqTJHP5h1B9vVmAAAAAJ5DAAA="
"Budget Review","2025-08-12 00:00","AAMkADlkNmQ2YjYzLWM1MDMtNGYxYS05ZWVkLWMzMmQ5YTcwMGMwZgBGAAAAAACsY-qGQCwBQ4xb3TLHpgp6BwDXovyD37sqTJHP5h1B9vVmAAAAAAENAADXovyD37sqTJHP5h1B9vVmAAAAAJ5MAAA="
"Budget Review","2025-08-12 00:00","AAMkADlkNmQ2YjYzLWM1MDMtNGYxYS05ZWVkLWMzMmQ5YTcwMGMwZgBGAAAAAACsY-qGQCwBQ4xb3TLHpgp6BwDXovyD37sqTJHP5h1B9vVmAAAAAAENAADXovyD37sqTJHP5h1B9vVmAAAAAJ5VAAA="
"Budget Review","2025-08-12 00:00","AAMkADlkNmQ2YjYzLWM1MDMtNGYxYS05ZWVkLWMzMmQ5YTcwMGMwZgBGAAAAAACsY-qGQCwBQ4xb3TLHpgp6BwDXovyD37sqTJHP5h1B9vVmAAAAAAENAADXovyD37sqTJHP5h1B9vVmAAAAAJ5eAAA="
"Budget Review","2025-08-12 00:00","AAMkADlkNmQ2YjYzLWM1MDMtNGYxYS05ZWVkLWMzMmQ5YTcwMGMwZgBGAAAAAACsY-qGQCwBQ4xb3TLHpgp6BwDXovyD37sqTJHP5h1B9vVmAAAAAAENAADXovyD37sqTJHP5h1B9vVmAAAAAJ5nAAA="
"Budget Review","2025-08-12 00:00","AAMkADlkNmQ2YjYzLWM1MDMtNGYxYS05ZWVkLWMzMmQ5YTcwMGMwZgBGAAAAAACsY-qGQCwBQ4xb3TLHpgp6BwDXovyD37sqTJHP5h1B9vVmAAAAAAENAADXovyD37sqTJHP5h1B9vVmAAAAAJ5wAAA="
"Budget Review","2025-08-12 00:00","AAMkADlkNmQ2YjYzLWM1MDMtNGYxYS05ZWVkLWMzMmQ5YTcwMGMwZgBGAAAAAACsY-qGQCwBQ4xb3TLHpgp6BwDXovyD37sqTJHP5h1B9vVmAAAAAAENAADXovyD37sqTJHP5h1B9vVmAAAAAJ55AAA="
"Budget Review","2025-08-12 00:00","AAMkADlkNmQ2YjYzLWM1MDMtNGYxYS05ZWVkLWMzMmQ5YTcwMGMwZgBGAAAAAACsY-qGQCwBQ4xb3TLHpgp6BwDXovyD37sqTJHP5h1B9vVmAAAAAAENAADXovyD37sqTJHP5h1B9vVmAAAAAJ6CAAA="
"Budget Review","2025-08-12 00:00","AAMkADlkNmQ2YjYzLWM1MDMtNGYxYS05ZWVkLWMzMmQ5YTcwMGMwZgBGAAAAAACsY-qGQCwBQ4xb3TLHpgp6BwDXovyD37sqTJHP5h1B9vVmAAAAAAENAADXovyD37sqTJHP5h1B9vVmAAAAAJ6LAAA="
"Budget Review","2025-08-12 00:00","AAMkADlkNmQ2YjYzLWM1MDMtNGYxYS05ZWVkLWMzMmQ5YTcwMGMwZgBGAAAAAACsY-qGQCwBQ4xb3TLHpgp6BwDXovyD37sqTJHP5h1B9vVmAAAAAAENAADXovyD37sqTJHP5h1B9vVmAAAAAJ6UAAA="
"Budget Review","2025-08-12 00:00","AAMkADlkNmQ2YjYzLWM1MDMtNGYxYS05ZWVkLWMzMmQ5YTcwMGMwZgBGAAAAAACsY-qGQCwBQ4xb3TLHpgp6BwDXovyD37sqTJHP5h1B9vVmAAAAAAENAADXovyD37sqTJHP5h1B9vVmAAAAAJ6dAAA="
"Budget Review","2025-08-12 00:00","AAMkADlkNmQ2YjYzLWM1MDMtNGYxYS05ZWVkLWMzMmQ5YTcwMGMwZgBGAAAAAACsY-qGQCwBQ4xb3TLHpgp6BwDXovyD37sqTJHP5h1B9vVmAAAAAAENAADXovyD37sqTJHP5h1B9vVmAAAAAJ6mAAA="
"Budget Review","2025-08-12 00:00","AAMkADlkNmQ2YjYzLWM1MDMtNGYxYS05ZWVkLWMzMmQ5YTcwMGMwZgBGAAAAAACsY-qGQCwBQ4xb3TLHpgp6BwDXovyD37sqTJHP5h1B9vVmAAAAAAENAADXovyD37sqTJHP5h1B9vVmAAAAAJ6vAAA="
"Budget Review","2025-08-12 00:00","AAMkADlkNmQ2YjYzLWM1MDMtNGYxYS05ZWVkLWMzMmQ5YTcwMGMwZgBGAAAAAACsY-qGQCwBQ4xb3TLHpgp6BwDXovyD37sqTJHP5h1B9vVmAAAAAAENAADXovyD37sqTJHP5h1B9vVmAAAAAJ64AAA="
"Budget Review","2025-08-12 00:00","AAMkADlkNmQ2YjYzLWM1MDMtNGYxYS05ZWVkLWMzMmQ5YTcwMGMwZgBGAAAAAACsY-qGQCwBQ4xb3TLHpgp6BwDXovyD37sqTJHP5h1B9vVmAAAAAAENAADXovyD37sqTJHP5h1B9vVmAAAAAJ7BAAA="
"Budget Review","2025-08-12 00:00","AAMkADlkNmQ2YjYzLWM1MDMtNGYxYS05ZWVkLWMzMmQ5YTcwMGMwZgBGAAAAAACsY-qGQCwBQ4xb3TLHpgp6BwDXovyD37sqTJHP5h1B9vVmAAAAAAENAADXovyD37sqTJHP5h1B9vVmAAAAAJ7KAAA="
"Budget Review","2025-08-12 00:00","AAMkADlkNmQ2YjYzLWM1MDMtNGYxYS05ZWVkLWMzMmQ5YTcwMGMwZgBGAAAAAACsY-qGQCwBQ4xb3TLHpgp6BwDXovyD37sqTJHP5h1B9vVmAAAAAAENAADXovyD37sqTJHP5h1B9vVmAAAAAJ7UAAA="
"Budget Review","2025-08-12 00:00","AAMkADlkNmQ2YjYzLWM1MDMtNGYxYS05ZWVkLWMzMmQ5YTcwMGMwZgBGAAAAAACsY-qGQCwBQ4xb3TLHpgp6BwDXovyD37sqTJHP5h1B9vVmAAAAAAENAADXovyD37sqTJHP5h1B9vVmAAAAAJ7cAAA="
"Budget Review","2025-08-12 00:00","AAMkADlkNmQ2YjYzLWM1MDMtNGYxYS05ZWVkLWMzMmQ5YTcwMGMwZgBGAAAAAACsY-qGQCwBQ4xb3TLHpgp6BwDXovyD37sqTJHP5h1B9vVmAAAAAAENAADXovyD37sqTJHP5h1B9vVmAAAAAJ7kAAA="
"Budget Review","2025-08-12 00:00","AAMkADlkNmQ2YjYzLWM1MDMtNGYxYS05ZWVkLWMzMmQ5YTcwMGMwZgBGAAAAAACsY-qGQCwBQ4xb3TLHpgp6BwDXovyD37sqTJHP5h1B9vVmAAAAAAENAADXovyD37sqTJHP5h1B9vVmAAAAAJ7sAAA="
"Budget Review","2025-08-12 00:00","AAMkADlkNmQ2YjYzLWM1MDMtNGYxYS05ZWVkLWMzMmQ5YTcwMGMwZgBGAAAAAACsY-qGQCwBQ4xb3TLHpgp6BwDXovyD37sqTJHP5h1B9vVmAAAAAAENAADXovyD37sqTJHP5h1B9vVmAAAAAJ70AAA="
"Budget Review","2025-08-12 00:00","AAMkADlkNmQ2YjYzLWM1MDMtNGYxYS05ZWVkLWMzMmQ5YTcwMGMwZgBGAAAAAACsY-qGQCwBQ4xb3TLHpgp6BwDXovyD37sqTJHP5h1B9vVmAAAAAAENAADXovyD37sqTJHP5h1B9vVmAAAAAJ79AAA="
"Budget Review","2025-08-12 00:00","AAMkADlkNmQ2YjYzLWM1MDMtNGYxYS05ZWVkLWMzMmQ5YTcwMGMwZgBGAAAAAACsY-qGQCwBQ4xb3TLHpgp6BwDXovyD37sqTJHP5h1B9vVmAAAAAAENAADXovyD37sqTJHP5h1B9vVmAAAAAJ8EAAA="
"Budget Review","2025-08-12 00:00","AAMkADlkNmQ2YjYzLWM1MDMtNGYxYS05ZWVkLWMzMmQ5YTcwMGMwZgBGAAAAAACsY-qGQCwBQ4xb3TLHpgp6BwDXovyD37sqTJHP5h1B9vVmAAAAAAENAADXovyD37sqTJHP5h1B9vVmAAAAAJ8LAAA="
"Budget Review","2025-08-12 00:00","AAMkADlkNmQ2YjYzLWM1MDMtNGYxYS05ZWVkLWMzMmQ5YTcwMGMwZgBGAAAAAACsY-qGQCwBQ4xb3TLHpgp6BwDXovyD37sqTJHP5h1B9vVmAAAAAAENAADXovyD37sqTJHP5h1B9vVmAAAAAJ8SAAA="
"Budget Review","2025-08-12 00:00","AAMkADlkNmQ2YjYzLWM1MDMtNGYxYS05ZWVkLWMzMmQ5YTcwMGMwZgBGAAAAAACsY-qGQCwBQ4xb3TLHpgp6BwDXovyD37sqTJHP5h1B9vVmAAAAAAENAADXovyD37sqTJHP5h1B9vVmAAAAAJ8ZAAA="
"Budget Review","2025-08-12 00:00","AAMkADlkNmQ2YjYzLWM1MDMtNGYxYS05ZWVkLWMzMmQ5YTcwMGMwZgBGAAAAAACsY-qGQCwBQ4xb3TLHpgp6BwDXovyD37sqTJHP5h1B9vVmAAAAAAENAADXovyD37sqTJHP5h1B9vVmAAAAAJ8hAAA="
"Budget Review","2025-08-12 00:00","AAMkADlkNmQ2YjYzLWM1MDMtNGYxYS05ZWVkLWMzMmQ5YTcwMGMwZgBGAAAAAACsY-qGQCwBQ4xb3TLHpgp6BwDXovyD37sqTJHP5h1B9vVmAAAAAAENAADXovyD37sqTJHP5h1B9vVmAAAAAJ8pAAA="
"Budget Review","2025-08-12 00:00","AAMkADlkNmQ2YjYzLWM1MDMtNGYxYS05ZWVkLWMzMmQ5YTcwMGMwZgBGAAAAAACsY-qGQCwBQ4xb3TLHpgp6BwDXovyD37sqTJHP5h1B9vVmAAAAAAENAADXovyD37sqTJHP5h1B9vVmAAAAAJ_HAAA="
"Budget Review","2025-08-12 00:00","AAMkADlkNmQ2YjYzLWM1MDMtNGYxYS05ZWVkLWMzMmQ5YTcwMGMwZgBGAAAAAACsY-qGQCwBQ4xb3TLHpgp6BwDXovyD37sqTJHP5h1B9vVmAAAAAAENAADXovyD37sqTJHP5h1B9vVmAAAAAJ_LAAA="
"Budget Review","2025-08-12 00:00","AAMkADlkNmQ2YjYzLWM1MDMtNGYxYS05ZWVkLWMzMmQ5YTcwMGMwZgBGAAAAAACsY-qGQCwBQ4xb3TLHpgp6BwDXovyD37sqTJHP5h1B9vVmAAAAAAENAADXovyD37sqTJHP5h1B9vVmAAAAAJ_PAAA="
"Budget Review","2025-08-12 00:00","AAMkADlkNmQ2YjYzLWM1MDMtNGYxYS05ZWVkLWMzMmQ5YTcwMGMwZgBGAAAAAACsY-qGQCwBQ4xb3TLHpgp6BwDXovyD37sqTJHP5h1B9vVmAAAAAAENAADXovyD37sqTJHP5h1B9vVmAAAAAJ_TAAA="
"Budget Review","2025-08-12 00:00","AAMkADlkNmQ2YjYzLWM1MDMtNGYxYS05ZWVkLWMzMmQ5YTcwMGMwZgBGAAAAAACsY-qGQCwBQ4xb3TLHpgp6BwDXovyD37sqTJHP5h1B9vVmAAAAAAENAADXovyD37sqTJHP5h1B9vVmAAAAAJ_XAAA="
"Budget Review","2025-08-12 00:00","AAMkADlkNmQ2YjYzLWM1MDMtNGYxYS05ZWVkLWMzMmQ5YTcwMGMwZgBGAAAAAACsY-qGQCwBQ4xb3TLHpgp6BwDXovyD37sqTJHP5h1B9vVmAAAAAAENAADXovyD37sqTJHP5h1B9vVmAAAAAJ_bAAA="
"Budget Review","2025-08-12 00:00","AAMkADlkNmQ2YjYzLWM1MDMtNGYxYS05ZWVkLWMzMmQ5YTcwMGMwZgBGAAAAAACsY-qGQCwBQ4xb3TLHpgp6BwDXovyD37sqTJHP5h1B9vVmAAAAAAENAADXovyD37sqTJHP5h1B9vVmAAAAAJ_fAAA="
"Budget Review","2025-08-12 00:00","AAMkADlkNmQ2YjYzLWM1MDMtNGYxYS05ZWVkLWMzMmQ5YTcwMGMwZgBGAAAAAACsY-qGQCwBQ4xb3TLHpgp6BwDXovyD37sqTJHP5h1B9vVmAAAAAAENAADXovyD37sqTJHP5h1B9vVmAAAAAJ_jAAA="
"Budget Review","2025-08-12 00:00","AAMkADlkNmQ2YjYzLWM1MDMtNGYxYS05ZWVkLWMzMmQ5YTcwMGMwZgBGAAAAAACsY-qGQCwBQ4xb3TLHpgp6BwDXovyD37sqTJHP5h1B9vVmAAAAAAENAADXovyD37sqTJHP5h1B9vVmAAAAAJ_nAAA="
"Budget Review","2025-08-12 00:00","AAMkADlkNmQ2YjYzLWM1MDMtNGYxYS05ZWVkLWMzMmQ5YTcwMGMwZgBGAAAAAACsY-qGQCwBQ4xb3TLHpgp6BwDXovyD37sqTJHP5h1B9vVmAAAAAAENAADXovyD37sqTJHP5h1B9vVmAAAAAJ_rAAA="
"Budget Review","2025-08-12 00:00","AAMkADlkNmQ2YjYzLWM1MDMtNGYxYS05ZWVkLWMzMmQ5YTcwMGMwZgBGAAAAAACsY-qGQCwBQ4xb3TLHpgp6BwDXovyD37sqTJHP5h1B9vVmAAAAAAENAADXovyD37sqTJHP5h1B9vVmAAAAAJ_vAAA="
"Budget Review","2025-08-12 00:00","AAMkADlkNmQ2YjYzLWM1MDMtNGYxYS05ZWVkLWMzMmQ5YTcwMGMwZgBGAAAAAACsY-qGQCwBQ4xb3TLHpgp6BwDXovyD37sqTJHP5h1B9vVmAAAAAAENAADXovyD37sqTJHP5h1B9vVmAAAAAJ-rAAA="
"Budget Review","2025-08-12 00:00","AAMkADlkNmQ2YjYzLWM1MDMtNGYxYS05ZWVkLWMzMmQ5YTcwMGMwZgBGAAAAAACsY-qGQCwBQ4xb3TLHpgp6BwDXovyD37sqTJHP5h1B9vVmAAAAAAENAADXovyD37sqTJHP5h1B9vVmAAAAAJ-wAAA="
"Budget Review","2025-08-12 00:00","AAMkADlkNmQ2YjYzLWM1MDMtNGYxYS05ZWVkLWMzMmQ5YTcwMGMwZgBGAAAAAACsY-qGQCwBQ4xb3TLHpgp6BwDXovyD37sqTJHP5h1B9vVmAAAAAAENAADXovyD37sqTJHP5h1B9vVmAAAAAJ-1AAA="
"Budget Review","2025-08-12 00:00","AAMkADlkNmQ2YjYzLWM1MDMtNGYxYS05ZWVkLWMzMmQ5YTcwMGMwZgBGAAAAAACsY-qGQCwBQ4xb3TLHpgp6BwDXovyD37sqTJHP5h1B9vVmAAAAAAENAADXovyD37sqTJHP5h1B9vVmAAAAAJ-6AAA="
"Budget Review","2025-08-12 00:00","AAMkADlkNmQ2YjYzLWM1MDMtNGYxYS05ZWVkLWMzMmQ5YTcwMGMwZgBGAAAAAACsY-qGQCwBQ4xb3TLHpgp6BwDXovyD37sqTJHP5h1B9vVmAAAAAAENAADXovyD37sqTJHP5h1B9vVmAAAAAJ--AAA="
"Budget Review","2025-08-12 00:00","AAMkADlkNmQ2YjYzLWM1MDMtNGYxYS05ZWVkLWMzMmQ5YTcwMGMwZgBGAAAAAACsY-qGQCwBQ4xb3TLHpgp6BwDXovyD37sqTJHP5h1B9vVmAAAAAAENAADXovyD37sqTJHP5h1B9vVmAAAAAKAEAAA="
"Budget Review","2025-08-12 00:00","AAMkADlkNmQ2YjYzLWM1MDMtNGYxYS05ZWVkLWMzMmQ5YTcwMGMwZgBGAAAAAACsY-qGQCwBQ4xb3TLHpgp6BwDXovyD37sqTJHP5h1B9vVmAAAAAAENAADXovyD37sqTJHP5h1B9vVmAAAAAKAJAAA="
"Budget Review","2025-08-12 00:00","AAMkADlkNmQ2YjYzLWM1MDMtNGYxYS05ZWVkLWMzMmQ5YTcwMGMwZgBGAAAAAACsY-qGQCwBQ4xb3TLHpgp6BwDXovyD37sqTJHP5h1B9vVmAAAAAAENAADXovyD37sqTJHP5h1B9vVmAAAAAKAOAAA="
"Budget Review","2025-08-12 00:00","AAMkADlkNmQ2YjYzLWM1MDMtNGYxYS05ZWVkLWMzMmQ5YTcwMGMwZgBGAAAAAACsY-qGQCwBQ4xb3TLHpgp6BwDXovyD37sqTJHP5h1B9vVmAAAAAAENAADXovyD37sqTJHP5h1B9vVmAAAAAKATAAA="
"Budget Review","2025-08-12 00:00","AAMkADlkNmQ2YjYzLWM1MDMtNGYxYS05ZWVkLWMzMmQ5YTcwMGMwZgBGAAAAAACsY-qGQCwBQ4xb3TLHpgp6BwDXovyD37sqTJHP5h1B9vVmAAAAAAENAADXovyD37sqTJHP5h1B9vVmAAAAAKAYAAA="
"Budget Review","2025-08-12 00:00","AAMkADlkNmQ2YjYzLWM1MDMtNGYxYS05ZWVkLWMzMmQ5YTcwMGMwZgBGAAAAAACsY-qGQCwBQ4xb3TLHpgp6BwDXovyD37sqTJHP5h1B9vVmAAAAAAENAADXovyD37sqTJHP5h1B9vVmAAAAAKAdAAA="
"Budget Review","2025-08-12 00:00","AAMkADlkNmQ2YjYzLWM1MDMtNGYxYS05ZWVkLWMzMmQ5YTcwMGMwZgBGAAAAAACsY-qGQCwBQ4xb3TLHpgp6BwDXovyD37sqTJHP5h1B9vVmAAAAAAENAADXovyD37sqTJHP5h1B9vVmAAAAAKAiAAA="
"Budget Review","2025-08-12 00:00","AAMkADlkNmQ2YjYzLWM1MDMtNGYxYS05ZWVkLWMzMmQ5YTcwMGMwZgBGAAAAAACsY-qGQCwBQ4xb3TLHpgp6BwDXovyD37sqTJHP5h1B9vVmAAAAAAENAADXovyD37sqTJHP5h1B9vVmAAAAAKAnAAA="
"Budget Review","2025-08-12 00:00","AAMkADlkNmQ2YjYzLWM1MDMtNGYxYS05ZWVkLWMzMmQ5YTcwMGMwZgBGAAAAAACsY-qGQCwBQ4xb3TLHpgp6BwDXovyD37sqTJHP5h1B9vVmAAAAAAENAADXovyD37sqTJHP5h1B9vVmAAAAAKAsAAA="
"Budget Review","2025-08-12 00:00","AAMkADlkNmQ2YjYzLWM1MDMtNGYxYS05ZWVkLWMzMmQ5YTcwMGMwZgBGAAAAAACsY-qGQCwBQ4xb3TLHpgp6BwDXovyD37sqTJHP5h1B9vVmAAAAAAENAADXovyD37sqTJHP5h1B9vVmAAAAAKAxAAA="
"Budget Review","2025-08-12 00:00","AAMkADlkNmQ2YjYzLWM1MDMtNGYxYS05ZWVkLWMzMmQ5YTcwMGMwZgBGAAAAAACsY-qGQCwBQ4xb3TLHpgp6BwDXovyD37sqTJHP5h1B9vVmAAAAAAENAADXovyD37sqTJHP5h1B9vVmAAAAAKA2AAA="
"Budget Review","2025-08-12 00:00","AAMkADlkNmQ2YjYzLWM1MDMtNGYxYS05ZWVkLWMzMmQ5YTcwMGMwZgBGAAAAAACsY-qGQCwBQ4xb3TLHpgp6BwDXovyD37sqTJHP5h1B9vVmAAAAAAENAADXovyD37sqTJHP5h1B9vVmAAAAAKA7AAA="
"Budget Review","2025-08-12 00:00","AAMkADlkNmQ2YjYzLWM1MDMtNGYxYS05ZWVkLWMzMmQ5YTcwMGMwZgBGAAAAAACsY-qGQCwBQ4xb3TLHpgp6BwDXovyD37sqTJHP5h1B9vVmAAAAAAENAADXovyD37sqTJHP5h1B9vVmAAAAAKBAAAA="
"Budget Review","2025-08-12 00:00","AAMkADlkNmQ2YjYzLWM1MDMtNGYxYS05ZWVkLWMzMmQ5YTcwMGMwZgBGAAAAAACsY-qGQCwBQ4xb3TLHpgp6BwDXovyD37sqTJHP5h1B9vVmAAAAAAENAADXovyD37sqTJHP5h1B9vVmAAAAAKBFAAA="
"Budget Review","2025-08-12 00:00","AAMkADlkNmQ2YjYzLWM1MDMtNGYxYS05ZWVkLWMzMmQ5YTcwMGMwZgBGAAAAAACsY-qGQCwBQ4xb3TLHpgp6BwDXovyD37sqTJHP5h1B9vVmAAAAAAENAADXovyD37sqTJHP5h1B9vVmAAAAAKBLAAA="
"Budget Review","2025-08-12 00:00","AAMkADlkNmQ2YjYzLWM1MDMtNGYxYS05ZWVkLWMzMmQ5YTcwMGMwZgBGAAAAAACsY-qGQCwBQ4xb3TLHpgp6BwDXovyD37sqTJHP5h1B9vVmAAAAAAENAADXovyD37sqTJHP5h1B9vVmAAAAAKBRAAA="
"Budget Review","2025-08-12 00:00","AAMkADlkNmQ2YjYzLWM1MDMtNGYxYS05ZWVkLWMzMmQ5YTcwMGMwZgBGAAAAAACsY-qGQCwBQ4xb3TLHpgp6BwDXovyD37sqTJHP5h1B9vVmAAAAAAENAADXovyD37sqTJHP5h1B9vVmAAAAAKBXAAA="
"Budget Review","2025-08-12 00:00","AAMkADlkNmQ2YjYzLWM1MDMtNGYxYS05ZWVkLWMzMmQ5YTcwMGMwZgBGAAAAAACsY-qGQCwBQ4xb3TLHpgp6BwDXovyD37sqTJHP5h1B9vVmAAAAAAENAADXovyD37sqTJHP5h1B9vVmAAAAAKBdAAA="
"Budget Review","2025-08-12 00:00","AAMkADlkNmQ2YjYzLWM1MDMtNGYxYS05ZWVkLWMzMmQ5YTcwMGMwZgBGAAAAAACsY-qGQCwBQ4xb3TLHpgp6BwDXovyD37sqTJHP5h1B9vVmAAAAAAENAADXovyD37sqTJHP5h1B9vVmAAAAAKBjAAA="
"Budget Review","2025-08-12 00:00","AAMkADlkNmQ2YjYzLWM1MDMtNGYxYS05ZWVkLWMzMmQ5YTcwMGMwZgBGAAAAAACsY-qGQCwBQ4xb3TLHpgp6BwDXovyD37sqTJHP5h1B9vVmAAAAAAENAADXovyD37sqTJHP5h1B9vVmAAAAAKBpAAA="
"Budget Review","2025-08-12 00:00","AAMkADlkNmQ2YjYzLWM1MDMtNGYxYS05ZWVkLWMzMmQ5YTcwMGMwZgBGAAAAAACsY-qGQCwBQ4xb3TLHpgp6BwDXovyD37sqTJHP5h1B9vVmAAAAAAENAADXovyD37sqTJHP5h1B9vVmAAAAAKBvAAA="
"Budget Review","2025-08-12 00:00","AAMkADlkNmQ2YjYzLWM1MDMtNGYxYS05ZWVkLWMzMmQ5YTcwMGMwZgBGAAAAAACsY-qGQCwBQ4xb3TLHpgp6BwDXovyD37sqTJHP5h1B9vVmAAAAAAENAADXovyD37sqTJHP5h1B9vVmAAAAAKB1AAA="
"Budget Review","2025-08-12 00:00","AAMkADlkNmQ2YjYzLWM1MDMtNGYxYS05ZWVkLWMzMmQ5YTcwMGMwZgBGAAAAAACsY-qGQCwBQ4xb3TLHpgp6BwDXovyD37sqTJHP5h1B9vVmAAAAAAENAADXovyD37sqTJHP5h1B9vVmAAAAAKB7AAA="
"Budget Review","2025-08-12 00:00","AAMkADlkNmQ2YjYzLWM1MDMtNGYxYS05ZWVkLWMzMmQ5YTcwMGMwZgBGAAAAAACsY-qGQCwBQ4xb3TLHpgp6BwDXovyD37sqTJHP5h1B9vVmAAAAAAENAADXovyD37sqTJHP5h1B9vVmAAAAAKCBAAA="
"Budget Review","2025-08-12 00:00","AAMkADlkNmQ2YjYzLWM1MDMtNGYxYS05ZWVkLWMzMmQ5YTcwMGMwZgBGAAAAAACsY-qGQCwBQ4xb3TLHpgp6BwDXovyD37sqTJHP5h1B9vVmAAAAAAENAADXovyD37sqTJHP5h1B9vVmAAAAAKCHAAA="
"Budget Review","2025-08-12 00:00","AAMkADlkNmQ2YjYzLWM1MDMtNGYxYS05ZWVkLWMzMmQ5YTcwMGMwZgBGAAAAAACsY-qGQCwBQ4xb3TLHpgp6BwDXovyD37sqTJHP5h1B9vVmAAAAAAENAADXovyD37sqTJHP5h1B9vVmAAAAAKCNAAA="
"Budget Review","2025-08-12 00:00","AAMkADlkNmQ2YjYzLWM1MDMtNGYxYS05ZWVkLWMzMmQ5YTcwMGMwZgBGAAAAAACsY-qGQCwBQ4xb3TLHpgp6BwDXovyD37sqTJHP5h1B9vVmAAAAAAENAADXovyD37sqTJHP5h1B9vVmAAAAAKCTAAA="
"Budget Review","2025-08-12 00:00","AAMkADlkNmQ2YjYzLWM1MDMtNGYxYS05ZWVkLWMzMmQ5YTcwMGMwZgBGAAAAAACsY-qGQCwBQ4xb3TLHpgp6BwDXovyD37sqTJHP5h1B9vVmAAAAAAENAADXovyD37sqTJHP5h1B9vVmAAAAAKCZAAA="
"Budget Review","2025-08-12 00:00","AAMkADlkNmQ2YjYzLWM1MDMtNGYxYS05ZWVkLWMzMmQ5YTcwMGMwZgBGAAAAAACsY-qGQCwBQ4xb3TLHpgp6BwDXovyD37sqTJHP5h1B9vVmAAAAAAENAADXovyD37sqTJHP5h1B9vVmAAAAAKCfAAA="
"Budget Review","2025-08-12 00:00","AAMkADlkNmQ2YjYzLWM1MDMtNGYxYS05ZWVkLWMzMmQ5YTcwMGMwZgBGAAAAAACsY-qGQCwBQ4xb3TLHpgp6BwDXovyD37sqTJHP5h1B9vVmAAAAAAENAADXovyD37sqTJHP5h1B9vVmAAAAAKClAAA="
"Budget Review","2025-08-12 00:00","AAMkADlkNmQ2YjYzLWM1MDMtNGYxYS05ZWVkLWMzMmQ5YTcwMGMwZgBGAAAAAACsY-qGQCwBQ4xb3TLHpgp6BwDXovyD37sqTJHP5h1B9vVmAAAAAAENAADXovyD37sqTJHP5h1B9vVmAAAAAKCrAAA="
"Budget Review","2025-08-12 00:00","AAMkADlkNmQ2YjYzLWM1MDMtNGYxYS05ZWVkLWMzMmQ5YTcwMGMwZgBGAAAAAACsY-qGQCwBQ4xb3TLHpgp6BwDXovyD37sqTJHP5h1B9vVmAAAAAAENAADXovyD37sqTJHP5h1B9vVmAAAAAKCxAAA="
"Budget Review","2025-08-12 00:00","AAMkADlkNmQ2YjYzLWM1MDMtNGYxYS05ZWVkLWMzMmQ5YTcwMGMwZgBGAAAAAACsY-qGQCwBQ4xb3TLHpgp6BwDXovyD37sqTJHP5h1B9vVmAAAAAAENAADXovyD37sqTJHP5h1B9vVmAAAAAKC3AAA="
"Budget Review","2025-08-12 00:00","AAMkADlkNmQ2YjYzLWM1MDMtNGYxYS05ZWVkLWMzMmQ5YTcwMGMwZgBGAAAAAACsY-qGQCwBQ4xb3TLHpgp6BwDXovyD37sqTJHP5h1B9vVmAAAAAAENAADXovyD37sqTJHP5h1B9vVmAAAAAKC9AAA="
"Budget Review","2025-08-12 00:00","AAMkADlkNmQ2YjYzLWM1MDMtNGYxYS05ZWVkLWMzMmQ5YTcwMGMwZgBGAAAAAACsY-qGQCwBQ4xb3TLHpgp6BwDXovyD37sqTJHP5h1B9vVmAAAAAAENAADXovyD37sqTJHP5h1B9vVmAAAAAKDDAAA="
"Budget Review","2025-08-12 00:00","AAMkADlkNmQ2YjYzLWM1MDMtNGYxYS05ZWVkLWMzMmQ5YTcwMGMwZgBGAAAAAACsY-qGQCwBQ4xb3TLHpgp6BwDXovyD37sqTJHP5h1B9vVmAAAAAAENAADXovyD37sqTJHP5h1B9vVmAAAAAKDJAAA="
"Budget Review","2025-08-12 00:00","AAMkADlkNmQ2YjYzLWM1MDMtNGYxYS05ZWVkLWMzMmQ5YTcwMGMwZgBGAAAAAACsY-qGQCwBQ4xb3TLHpgp6BwDXovyD37sqTJHP5h1B9vVmAAAAAAENAADXovyD37sqTJHP5h1B9vVmAAAAAKDPAAA="
"Budget Review","2025-08-12 00:00","AAMkADlkNmQ2YjYzLWM1MDMtNGYxYS05ZWVkLWMzMmQ5YTcwMGMwZgBGAAAAAACsY-qGQCwBQ4xb3TLHpgp6BwDXovyD37sqTJHP5h1B9vVmAAAAAAENAADXovyD37sqTJHP5h1B9vVmAAAAAKDVAAA="
"Budget Review","2025-08-12 00:00","AAMkADlkNmQ2YjYzLWM1MDMtNGYxYS05ZWVkLWMzMmQ5YTcwMGMwZgBGAAAAAACsY-qGQCwBQ4xb3TLHpgp6BwDXovyD37sqTJHP5h1B9vVmAAAAAAENAADXovyD37sqTJHP5h1B9vVmAAAAAKDbAAA="
"Budget Review","2025-08-12 00:00","AAMkADlkNmQ2YjYzLWM1MDMtNGYxYS05ZWVkLWMzMmQ5YTcwMGMwZgBGAAAAAACsY-qGQCwBQ4xb3TLHpgp6BwDXovyD37sqTJHP5h1B9vVmAAAAAAENAADXovyD37sqTJHP5h1B9vVmAAAAAKDhAAA="
"Budget Review","2025-08-12 00:00","AAMkADlkNmQ2YjYzLWM1MDMtNGYxYS05ZWVkLWMzMmQ5YTcwMGMwZgBGAAAAAACsY-qGQCwBQ4xb3TLHpgp6BwDXovyD37sqTJHP5h1B9vVmAAAAAAENAADXovyD37sqTJHP5h1B9vVmAAAAAKDnAAA="
"Budget Review","2025-08-12 00:00","AAMkADlkNmQ2YjYzLWM1MDMtNGYxYS05ZWVkLWMzMmQ5YTcwMGMwZgBGAAAAAACsY-qGQCwBQ4xb3TLHpgp6BwDXovyD37sqTJHP5h1B9vVmAAAAAAENAADXovyD37sqTJHP5h1B9vVmAAAAAKDtAAA="
"Budget Review","2025-08-12 00:00","AAMkADlkNmQ2YjYzLWM1MDMtNGYxYS05ZWVkLWMzMmQ5YTcwMGMwZgBGAAAAAACsY-qGQCwBQ4xb3TLHpgp6BwDXovyD37sqTJHP5h1B9vVmAAAAAAENAADXovyD37sqTJHP5h1B9vVmAAAAAKDzAAA="
"Budget Review","2025-08-12 00:00","AAMkADlkNmQ2YjYzLWM1MDMtNGYxYS05ZWVkLWMzMmQ5YTcwMGMwZgBGAAAAAACsY-qGQCwBQ4xb3TLHpgp6BwDXovyD37sqTJHP5h1B9vVmAAAAAAENAADXovyD37sqTJHP5h1B9vVmAAAAAKD5AAA="
"Budget Review","2025-08-12 00:00","AAMkADlkNmQ2YjYzLWM1MDMtNGYxYS05ZWVkLWMzMmQ5YTcwMGMwZgBGAAAAAACsY-qGQCwBQ4xb3TLHpgp6BwDXovyD37sqTJHP5h1B9vVmAAAAAAENAADXovyD37sqTJHP5h1B9vVmAAAAAKD-AAA="
"Budget Review","2025-08-12 00:00","AAMkADlkNmQ2YjYzLWM1MDMtNGYxYS05ZWVkLWMzMmQ5YTcwMGMwZgBGAAAAAACsY-qGQCwBQ4xb3TLHpgp6BwDXovyD37sqTJHP5h1B9vVmAAAAAAENAADXovyD37sqTJHP5h1B9vVmAAAAAKEFAAA="
"Budget Review","2025-08-12 00:00","AAMkADlkNmQ2YjYzLWM1MDMtNGYxYS05ZWVkLWMzMmQ5YTcwMGMwZgBGAAAAAACsY-qGQCwBQ4xb3TLHpgp6BwDXovyD37sqTJHP5h1B9vVmAAAAAAENAADXovyD37sqTJHP5h1B9vVmAAAAAKELAAA="
"Budget Review","2025-08-12 00:00","AAMkADlkNmQ2YjYzLWM1MDMtNGYxYS05ZWVkLWMzMmQ5YTcwMGMwZgBGAAAAAACsY-qGQCwBQ4xb3TLHpgp6BwDXovyD37sqTJHP5h1B9vVmAAAAAAENAADXovyD37sqTJHP5h1B9vVmAAAAAKERAAA="
"Budget Review","2025-08-12 00:00","AAMkADlkNmQ2YjYzLWM1MDMtNGYxYS05ZWVkLWMzMmQ5YTcwMGMwZgBGAAAAAACsY-qGQCwBQ4xb3TLHpgp6BwDXovyD37sqTJHP5h1B9vVmAAAAAAENAADXovyD37sqTJHP5h1B9vVmAAAAAKEXAAA="
"Budget Review","2025-08-12 00:00","AAMkADlkNmQ2YjYzLWM1MDMtNGYxYS05ZWVkLWMzMmQ5YTcwMGMwZgBGAAAAAACsY-qGQCwBQ4xb3TLHpgp6BwDXovyD37sqTJHP5h1B9vVmAAAAAAENAADXovyD37sqTJHP5h1B9vVmAAAAAKEdAAA="
"Budget Review","2025-08-12 00:00","AAMkADlkNmQ2YjYzLWM1MDMtNGYxYS05ZWVkLWMzMmQ5YTcwMGMwZgBGAAAAAACsY-qGQCwBQ4xb3TLHpgp6BwDXovyD37sqTJHP5h1B9vVmAAAAAAENAADXovyD37sqTJHP5h1B9vVmAAAAAKEjAAA="
"Budget Review","2025-08-12 00:00","AAMkADlkNmQ2YjYzLWM1MDMtNGYxYS05ZWVkLWMzMmQ5YTcwMGMwZgBGAAAAAACsY-qGQCwBQ4xb3TLHpgp6BwDXovyD37sqTJHP5h1B9vVmAAAAAAENAADXovyD37sqTJHP5h1B9vVmAAAAAKEpAAA="
"Budget Review","2025-08-12 00:00","AAMkADlkNmQ2YjYzLWM1MDMtNGYxYS05ZWVkLWMzMmQ5YTcwMGMwZgBGAAAAAACsY-qGQCwBQ4xb3TLHpgp6BwDXovyD37sqTJHP5h1B9vVmAAAAAAENAADXovyD37sqTJHP5h1B9vVmAAAAAKEvAAA="
"Budget Review","2025-08-12 00:00","AAMkADlkNmQ2YjYzLWM1MDMtNGYxYS05ZWVkLWMzMmQ5YTcwMGMwZgBGAAAAAACsY-qGQCwBQ4xb3TLHpgp6BwDXovyD37sqTJHP5h1B9vVmAAAAAAENAADXovyD37sqTJHP5h1B9vVmAAAAAKE1AAA="
"Budget Review","2025-08-12 00:00","AAMkADlkNmQ2YjYzLWM1MDMtNGYxYS05ZWVkLWMzMmQ5YTcwMGMwZgBGAAAAAACsY-qGQCwBQ4xb3TLHpgp6BwDXovyD37sqTJHP5h1B9vVmAAAAAAENAADXovyD37sqTJHP5h1B9vVmAAAAAKE7AAA="
"Budget Review","2025-08-12 00:00","AAMkADlkNmQ2YjYzLWM1MDMtNGYxYS05ZWVkLWMzMmQ5YTcwMGMwZgBGAAAAAACsY-qGQCwBQ4xb3TLHpgp6BwDXovyD37sqTJHP5h1B9vVmAAAAAAENAADXovyD37sqTJHP5h1B9vVmAAAAAKFBAAA="
"Budget Review","2025-08-12 00:00","AAMkADlkNmQ2YjYzLWM1MDMtNGYxYS05ZWVkLWMzMmQ5YTcwMGMwZgBGAAAAAACsY-qGQCwBQ4xb3TLHpgp6BwDXovyD37sqTJHP5h1B9vVmAAAAAAENAADXovyD37sqTJHP5h1B9vVmAAAAAKFHAAA="
"Budget Review","2025-08-12 00:00","AAMkADlkNmQ2YjYzLWM1MDMtNGYxYS05ZWVkLWMzMmQ5YTcwMGMwZgBGAAAAAACsY-qGQCwBQ4xb3TLHpgp6BwDXovyD37sqTJHP5h1B9vVmAAAAAAENAADXovyD37sqTJHP5h1B9vVmAAAAAKFNAAA="
"Budget Review","2025-08-12 00:00","AAMkADlkNmQ2YjYzLWM1MDMtNGYxYS05ZWVkLWMzMmQ5YTcwMGMwZgBGAAAAAACsY-qGQCwBQ4xb3TLHpgp6BwDXovyD37sqTJHP5h1B9vVmAAAAAAENAADXovyD37sqTJHP5h1B9vVmAAAAAKFTAAA="
"Budget Review","2025-08-12 00:00","AAMkADlkNmQ2YjYzLWM1MDMtNGYxYS05ZWVkLWMzMmQ5YTcwMGMwZgBGAAAAAACsY-qGQCwBQ4xb3TLHpgp6BwDXovyD37sqTJHP5h1B9vVmAAAAAAENAADXovyD37sqTJHP5h1B9vVmAAAAAKFZAAA="
"Budget Review","2025-08-12 00:00","AAMkADlkNmQ2YjYzLWM1MDMtNGYxYS05ZWVkLWMzMmQ5YTcwMGMwZgBGAAAAAACsY-qGQCwBQ4xb3TLHpgp6BwDXovyD37sqTJHP5h1B9vVmAAAAAAENAADXovyD37sqTJHP5h1B9vVmAAAAAKFfAAA="
"Budget Review","2025-08-12 00:00","AAMkADlkNmQ2YjYzLWM1MDMtNGYxYS05ZWVkLWMzMmQ5YTcwMGMwZgBGAAAAAACsY-qGQCwBQ4xb3TLHpgp6BwDXovyD37sqTJHP5h1B9vVmAAAAAAENAADXovyD37sqTJHP5h1B9vVmAAAAAKFlAAA="
"Budget Review","2025-08-12 00:00","AAMkADlkNmQ2YjYzLWM1MDMtNGYxYS05ZWVkLWMzMmQ5YTcwMGMwZgBGAAAAAACsY-qGQCwBQ4xb3TLHpgp6BwDXovyD37sqTJHP5h1B9vVmAAAAAAENAADXovyD37sqTJHP5h1B9vVmAAAAAKFrAAA="
"Budget Review","2025-08-12 00:00","AAMkADlkNmQ2YjYzLWM1MDMtNGYxYS05ZWVkLWMzMmQ5YTcwMGMwZgBGAAAAAACsY-qGQCwBQ4xb3TLHpgp6BwDXovyD37sqTJHP5h1B9vVmAAAAAAENAADXovyD37sqTJHP5h1B9vVmAAAAAKFxAAA="
"Budget Review","2025-08-12 00:00","AAMkADlkNmQ2YjYzLWM1MDMtNGYxYS05ZWVkLWMzMmQ5YTcwMGMwZgBGAAAAAACsY-qGQCwBQ4xb3TLHpgp6BwDXovyD37sqTJHP5h1B9vVmAAAAAAENAADXovyD37sqTJHP5h1B9vVmAAAAAKF3AAA="
"Budget Review","2025-08-12 00:00","AAMkADlkNmQ2YjYzLWM1MDMtNGYxYS05ZWVkLWMzMmQ5YTcwMGMwZgBGAAAAAACsY-qGQCwBQ4xb3TLHpgp6BwDXovyD37sqTJHP5h1B9vVmAAAAAAENAADXovyD37sqTJHP5h1B9vVmAAAAAKF9AAA="
"Budget Review","2025-08-12 00:00","AAMkADlkNmQ2YjYzLWM1MDMtNGYxYS05ZWVkLWMzMmQ5YTcwMGMwZgBGAAAAAACsY-qGQCwBQ4xb3TLHpgp6BwDXovyD37sqTJHP5h1B9vVmAAAAAAENAADXovyD37sqTJHP5h1B9vVmAAAAAKGDAAA="
"Budget Review","2025-08-12 00:00","AAMkADlkNmQ2YjYzLWM1MDMtNGYxYS05ZWVkLWMzMmQ5YTcwMGMwZgBGAAAAAACsY-qGQCwBQ4xb3TLHpgp6BwDXovyD37sqTJHP5h1B9vVmAAAAAAENAADXovyD37sqTJHP5h1B9vVmAAAAAKGJAAA="
"Budget Review","2025-08-12 00:00","AAMkADlkNmQ2YjYzLWM1MDMtNGYxYS05ZWVkLWMzMmQ5YTcwMGMwZgBGAAAAAACsY-qGQCwBQ4xb3TLHpgp6BwDXovyD37sqTJHP5h1B9vVmAAAAAAENAADXovyD37sqTJHP5h1B9vVmAAAAAKGPAAA="
"Budget Review","2025-08-12 00:00","AAMkADlkNmQ2YjYzLWM1MDMtNGYxYS05ZWVkLWMzMmQ5YTcwMGMwZgBGAAAAAACsY-qGQCwBQ4xb3TLHpgp6BwDXovyD37sqTJHP5h1B9vVmAAAAAAENAADXovyD37sqTJHP5h1B9vVmAAAAAKGVAAA="
"Budget Review","2025-08-12 00:00","AAMkADlkNmQ2YjYzLWM1MDMtNGYxYS05ZWVkLWMzMmQ5YTcwMGMwZgBGAAAAAACsY-qGQCwBQ4xb3TLHpgp6BwDXovyD37sqTJHP5h1B9vVmAAAAAAENAADXovyD37sqTJHP5h1B9vVmAAAAAKGbAAA="
"Budget Review","2025-08-12 04:00","AAMkADlkNmQ2YjYzLWM1MDMtNGYxYS05ZWVkLWMzMmQ5YTcwMGMwZgBGAAAAAACsY-qGQCwBQ4xb3TLHpgp6BwDXovyD37sqTJHP5h1B9vVmAAAAAAENAADXovyD37sqTJHP5h1B9vVmAAAAAJ8wAAA="
"Budget Review","2025-08-12 04:00","AAMkADlkNmQ2YjYzLWM1MDMtNGYxYS05ZWVkLWMzMmQ5YTcwMGMwZgBGAAAAAACsY-qGQCwBQ4xb3TLHpgp6BwDXovyD37sqTJHP5h1B9vVmAAAAAAENAADXovyD37sqTJHP5h1B9vVmAAAAAJ82AAA="
"Budget Review","2025-08-12 04:00","AAMkADlkNmQ2YjYzLWM1MDMtNGYxYS05ZWVkLWMzMmQ5YTcwMGMwZgBGAAAAAACsY-qGQCwBQ4xb3TLHpgp6BwDXovyD37sqTJHP5h1B9vVmAAAAAAENAADXovyD37sqTJHP5h1B9vVmAAAAAJ87AAA="
"Budget Review","2025-08-12 04:00","AAMkADlkNmQ2YjYzLWM1MDMtNGYxYS05ZWVkLWMzMmQ5YTcwMGMwZgBGAAAAAACsY-qGQCwBQ4xb3TLHpgp6BwDXovyD37sqTJHP5h1B9vVmAAAAAAENAADXovyD37sqTJHP5h1B9vVmAAAAAJ8-AAA="
"Budget Review","2025-08-12 04:00","AAMkADlkNmQ2YjYzLWM1MDMtNGYxYS05ZWVkLWMzMmQ5YTcwMGMwZgBGAAAAAACsY-qGQCwBQ4xb3TLHpgp6BwDXovyD37sqTJHP5h1B9vVmAAAAAAENAADXovyD37sqTJHP5h1B9vVmAAAAAJ9DAAA="
"Budget Review","2025-08-12 04:00","AAMkADlkNmQ2YjYzLWM1MDMtNGYxYS05ZWVkLWMzMmQ5YTcwMGMwZgBGAAAAAACsY-qGQCwBQ4xb3TLHpgp6BwDXovyD37sqTJHP5h1B9vVmAAAAAAENAADXovyD37sqTJHP5h1B9vVmAAAAAJ9HAAA="
"Budget Review","2025-08-12 04:00","AAMkADlkNmQ2YjYzLWM1MDMtNGYxYS05ZWVkLWMzMmQ5YTcwMGMwZgBGAAAAAACsY-qGQCwBQ4xb3TLHpgp6BwDXovyD37sqTJHP5h1B9vVmAAAAAAENAADXovyD37sqTJHP5h1B9vVmAAAAAJ9LAAA="
"Budget Review","2025-08-12 04:00","AAMkADlkNmQ2YjYzLWM1MDMtNGYxYS05ZWVkLWMzMmQ5YTcwMGMwZgBGAAAAAACsY-qGQCwBQ4xb3TLHpgp6BwDXovyD37sqTJHP5h1B9vVmAAAAAAENAADXovyD37sqTJHP5h1B9vVmAAAAAJ9PAAA="
"Budget Review","2025-08-12 04:00","AAMkADlkNmQ2YjYzLWM1MDMtNGYxYS05ZWVkLWMzMmQ5YTcwMGMwZgBGAAAAAACsY-qGQCwBQ4xb3TLHpgp6BwDXovyD37sqTJHP5h1B9vVmAAAAAAENAADXovyD37sqTJHP5h1B9vVmAAAAAJ9TAAA="
"Budget Review","2025-08-12 04:00","AAMkADlkNmQ2YjYzLWM1MDMtNGYxYS05ZWVkLWMzMmQ5YTcwMGMwZgBGAAAAAACsY-qGQCwBQ4xb3TLHpgp6BwDXovyD37sqTJHP5h1B9vVmAAAAAAENAADXovyD37sqTJHP5h1B9vVmAAAAAJ9XAAA="
"Budget Review","2025-08-12 04:00","AAMkADlkNmQ2YjYzLWM1MDMtNGYxYS05ZWVkLWMzMmQ5YTcwMGMwZgBGAAAAAACsY-qGQCwBQ4xb3TLHpgp6BwDXovyD37sqTJHP5h1B9vVmAAAAAAENAADXovyD37sqTJHP5h1B9vVmAAAAAJ9bAAA="
"Budget Review","2025-08-12 04:00","AAMkADlkNmQ2YjYzLWM1MDMtNGYxYS05ZWVkLWMzMmQ5YTcwMGMwZgBGAAAAAACsY-qGQCwBQ4xb3TLHpgp6BwDXovyD37sqTJHP5h1B9vVmAAAAAAENAADXovyD37sqTJHP5h1B9vVmAAAAAJ9fAAA="
"Budget Review","2025-08-12 04:00","AAMkADlkNmQ2YjYzLWM1MDMtNGYxYS05ZWVkLWMzMmQ5YTcwMGMwZgBGAAAAAACsY-qGQCwBQ4xb3TLHpgp6BwDXovyD37sqTJHP5h1B9vVmAAAAAAENAADXovyD37sqTJHP5h1B9vVmAAAAAJ9jAAA="
"Budget Review","2025-08-12 04:00","AAMkADlkNmQ2YjYzLWM1MDMtNGYxYS05ZWVkLWMzMmQ5YTcwMGMwZgBGAAAAAACsY-qGQCwBQ4xb3TLHpgp6BwDXovyD37sqTJHP5h1B9vVmAAAAAAENAADXovyD37sqTJHP5h1B9vVmAAAAAJ9nAAA="
"Budget Review","2025-08-12 04:00","AAMkADlkNmQ2YjYzLWM1MDMtNGYxYS05ZWVkLWMzMmQ5YTcwMGMwZgBGAAAAAACsY-qGQCwBQ4xb3TLHpgp6BwDXovyD37sqTJHP5h1B9vVmAAAAAAENAADXovyD37sqTJHP5h1B9vVmAAAAAJ9rAAA="
"Budget Review","2025-08-12 04:00","AAMkADlkNmQ2YjYzLWM1MDMtNGYxYS05ZWVkLWMzMmQ5YTcwMGMwZgBGAAAAAACsY-qGQCwBQ4xb3TLHpgp6BwDXovyD37sqTJHP5h1B9vVmAAAAAAENAADXovyD37sqTJHP5h1B9vVmAAAAAJ9vAAA="
"Budget Review","2025-08-12 04:00","AAMkADlkNmQ2YjYzLWM1MDMtNGYxYS05ZWVkLWMzMmQ5YTcwMGMwZgBGAAAAAACsY-qGQCwBQ4xb3TLHpgp6BwDXovyD37sqTJHP5h1B9vVmAAAAAAENAADXovyD37sqTJHP5h1B9vVmAAAAAJ9zAAA="
"Budget Review","2025-08-12 04:00","AAMkADlkNmQ2YjYzLWM1MDMtNGYxYS05ZWVkLWMzMmQ5YTcwMGMwZgBGAAAAAACsY-qGQCwBQ4xb3TLHpgp6BwDXovyD37sqTJHP5h1B9vVmAAAAAAENAADXovyD37sqTJHP5h1B9vVmAAAAAJ93AAA="
"Budget Review","2025-08-12 04:00","AAMkADlkNmQ2YjYzLWM1MDMtNGYxYS05ZWVkLWMzMmQ5YTcwMGMwZgBGAAAAAACsY-qGQCwBQ4xb3TLHpgp6BwDXovyD37sqTJHP5h1B9vVmAAAAAAENAADXovyD37sqTJHP5h1B9vVmAAAAAJ97AAA="
"Budget Review","2025-08-12 04:00","AAMkADlkNmQ2YjYzLWM1MDMtNGYxYS05ZWVkLWMzMmQ5YTcwMGMwZgBGAAAAAACsY-qGQCwBQ4xb3TLHpgp6BwDXovyD37sqTJHP5h1B9vVmAAAAAAENAADXovyD37sqTJHP5h1B9vVmAAAAAJ9-AAA="
"Budget Review","2025-08-12 04:00","AAMkADlkNmQ2YjYzLWM1MDMtNGYxYS05ZWVkLWMzMmQ5YTcwMGMwZgBGAAAAAACsY-qGQCwBQ4xb3TLHpgp6BwDXovyD37sqTJHP5h1B9vVmAAAAAAENAADXovyD37sqTJHP5h1B9vVmAAAAAJ_DAAA="
"Budget Review","2025-08-12 04:00","AAMkADlkNmQ2YjYzLWM1MDMtNGYxYS05ZWVkLWMzMmQ5YTcwMGMwZgBGAAAAAACsY-qGQCwBQ4xb3TLHpgp6BwDXovyD37sqTJHP5h1B9vVmAAAAAAENAADXovyD37sqTJHP5h1B9vVmAAAAAJ_zAAA="
"Budget Review","2025-08-12 04:00","AAMkADlkNmQ2YjYzLWM1MDMtNGYxYS05ZWVkLWMzMmQ5YTcwMGMwZgBGAAAAAACsY-qGQCwBQ4xb3TLHpgp6BwDXovyD37sqTJHP5h1B9vVmAAAAAAENAADXovyD37sqTJHP5h1B9vVmAAAAAJ_3AAA="
"Budget Review","2025-08-12 04:00","AAMkADlkNmQ2YjYzLWM1MDMtNGYxYS05ZWVkLWMzMmQ5YTcwMGMwZgBGAAAAAACsY-qGQCwBQ4xb3TLHpgp6BwDXovyD37sqTJHP5h1B9vVmAAAAAAENAADXovyD37sqTJHP5h1B9vVmAAAAAJ_7AAA="
"Budget Review","2025-08-12 04:00","AAMkADlkNmQ2YjYzLWM1MDMtNGYxYS05ZWVkLWMzMmQ5YTcwMGMwZgBGAAAAAACsY-qGQCwBQ4xb3TLHpgp6BwDXovyD37sqTJHP5h1B9vVmAAAAAAENAADXovyD37sqTJHP5h1B9vVmAAAAAJ_-AAA="
"Budget Review","2025-08-12 04:00","AAMkADlkNmQ2YjYzLWM1MDMtNGYxYS05ZWVkLWMzMmQ5YTcwMGMwZgBGAAAAAACsY-qGQCwBQ4xb3TLHpgp6BwDXovyD37sqTJHP5h1B9vVmAAAAAAENAADXovyD37sqTJHP5h1B9vVmAAAAAJ-DAAA="
"Budget Review","2025-08-12 04:00","AAMkADlkNmQ2YjYzLWM1MDMtNGYxYS05ZWVkLWMzMmQ5YTcwMGMwZgBGAAAAAACsY-qGQCwBQ4xb3TLHpgp6BwDXovyD37sqTJHP5h1B9vVmAAAAAAENAADXovyD37sqTJHP5h1B9vVmAAAAAJ-HAAA="
"Budget Review","2025-08-12 04:00","AAMkADlkNmQ2YjYzLWM1MDMtNGYxYS05ZWVkLWMzMmQ5YTcwMGMwZgBGAAAAAACsY-qGQCwBQ4xb3TLHpgp6BwDXovyD37sqTJHP5h1B9vVmAAAAAAENAADXovyD37sqTJHP5h1B9vVmAAAAAJ-LAAA="
"Budget Review","2025-08-12 04:00","AAMkADlkNmQ2YjYzLWM1MDMtNGYxYS05ZWVkLWMzMmQ5YTcwMGMwZgBGAAAAAACsY-qGQCwBQ4xb3TLHpgp6BwDXovyD37sqTJHP5h1B9vVmAAAAAAENAADXovyD37sqTJHP5h1B9vVmAAAAAJ-PAAA="
"Budget Review","2025-08-12 04:00","AAMkADlkNmQ2YjYzLWM1MDMtNGYxYS05ZWVkLWMzMmQ5YTcwMGMwZgBGAAAAAACsY-qGQCwBQ4xb3TLHpgp6BwDXovyD37sqTJHP5h1B9vVmAAAAAAENAADXovyD37sqTJHP5h1B9vVmAAAAAJ-TAAA="
"Budget Review","2025-08-12 04:00","AAMkADlkNmQ2YjYzLWM1MDMtNGYxYS05ZWVkLWMzMmQ5YTcwMGMwZgBGAAAAAACsY-qGQCwBQ4xb3TLHpgp6BwDXovyD37sqTJHP5h1B9vVmAAAAAAENAADXovyD37sqTJHP5h1B9vVmAAAAAJ-XAAA="
"Budget Review","2025-08-12 04:00","AAMkADlkNmQ2YjYzLWM1MDMtNGYxYS05ZWVkLWMzMmQ5YTcwMGMwZgBGAAAAAACsY-qGQCwBQ4xb3TLHpgp6BwDXovyD37sqTJHP5h1B9vVmAAAAAAENAADXovyD37sqTJHP5h1B9vVmAAAAAJ-cAAA="
"Contract: Testing - Testing Audit Date","2025-08-22 00:00","AAMkADlkNmQ2YjYzLWM1MDMtNGYxYS05ZWVkLWMzMmQ5YTcwMGMwZgBGAAAAAACsY-qGQCwBQ4xb3TLHpgp6BwDXovyD37sqTJHP5h1B9vVmAAAAAAENAADXovyD37sqTJHP5h1B9vVmAAAAAJ3nAAA="
"Contract: Testing - Testing Audit Date","2025-08-22 00:00","AAMkADlkNmQ2YjYzLWM1MDMtNGYxYS05ZWVkLWMzMmQ5YTcwMGMwZgBGAAAAAACsY-qGQCwBQ4xb3TLHpgp6BwDXovyD37sqTJHP5h1B9vVmAAAAAAENAADXovyD37sqTJHP5h1B9vVmAAAAAJ3xAAA="
"Contract: Testing - Testing Audit Date","2025-08-22 00:00","AAMkADlkNmQ2YjYzLWM1MDMtNGYxYS05ZWVkLWMzMmQ5YTcwMGMwZgBGAAAAAACsY-qGQCwBQ4xb3TLHpgp6BwDXovyD37sqTJHP5h1B9vVmAAAAAAENAADXovyD37sqTJHP5h1B9vVmAAAAAJ36AAA="
"Contract: Testing - Testing Audit Date","2025-08-22 00:00","AAMkADlkNmQ2YjYzLWM1MDMtNGYxYS05ZWVkLWMzMmQ5YTcwMGMwZgBGAAAAAACsY-qGQCwBQ4xb3TLHpgp6BwDXovyD37sqTJHP5h1B9vVmAAAAAAENAADXovyD37sqTJHP5h1B9vVmAAAAAJ4DAAA="
"Contract: Testing - Testing Audit Date","2025-08-22 00:00","AAMkADlkNmQ2YjYzLWM1MDMtNGYxYS05ZWVkLWMzMmQ5YTcwMGMwZgBGAAAAAACsY-qGQCwBQ4xb3TLHpgp6BwDXovyD37sqTJHP5h1B9vVmAAAAAAENAADXovyD37sqTJHP5h1B9vVmAAAAAJ4MAAA="
"Contract: Testing - Testing Audit Date","2025-08-22 00:00","AAMkADlkNmQ2YjYzLWM1MDMtNGYxYS05ZWVkLWMzMmQ5YTcwMGMwZgBGAAAAAACsY-qGQCwBQ4xb3TLHpgp6BwDXovyD37sqTJHP5h1B9vVmAAAAAAENAADXovyD37sqTJHP5h1B9vVmAAAAAJ4VAAA="
"Contract: Testing - Testing Audit Date","2025-08-22 00:00","AAMkADlkNmQ2YjYzLWM1MDMtNGYxYS05ZWVkLWMzMmQ5YTcwMGMwZgBGAAAAAACsY-qGQCwBQ4xb3TLHpgp6BwDXovyD37sqTJHP5h1B9vVmAAAAAAENAADXovyD37sqTJHP5h1B9vVmAAAAAJ4eAAA="
"Contract: Testing - Testing Audit Date","2025-08-22 00:00","AAMkADlkNmQ2YjYzLWM1MDMtNGYxYS05ZWVkLWMzMmQ5YTcwMGMwZgBGAAAAAACsY-qGQCwBQ4xb3TLHpgp6BwDXovyD37sqTJHP5h1B9vVmAAAAAAENAADXovyD37sqTJHP5h1B9vVmAAAAAJ4nAAA="
"Contract: Testing - Testing Audit Date","2025-08-22 00:00","AAMkADlkNmQ2YjYzLWM1MDMtNGYxYS05ZWVkLWMzMmQ5YTcwMGMwZgBGAAAAAACsY-qGQCwBQ4xb3TLHpgp6BwDXovyD37sqTJHP5h1B9vVmAAAAAAENAADXovyD37sqTJHP5h1B9vVmAAAAAJ4wAAA="
"Contract: Testing - Testing Audit Date","2025-08-22 00:00","AAMkADlkNmQ2YjYzLWM1MDMtNGYxYS05ZWVkLWMzMmQ5YTcwMGMwZgBGAAAAAACsY-qGQCwBQ4xb3TLHpgp6BwDXovyD37sqTJHP5h1B9vVmAAAAAAENAADXovyD37sqTJHP5h1B9vVmAAAAAJ45AAA="
"Contract: Testing - Testing Audit Date","2025-08-22 00:00","AAMkADlkNmQ2YjYzLWM1MDMtNGYxYS05ZWVkLWMzMmQ5YTcwMGMwZgBGAAAAAACsY-qGQCwBQ4xb3TLHpgp6BwDXovyD37sqTJHP5h1B9vVmAAAAAAENAADXovyD37sqTJHP5h1B9vVmAAAAAJ5CAAA="
"Contract: Testing - Testing Audit Date","2025-08-22 00:00","AAMkADlkNmQ2YjYzLWM1MDMtNGYxYS05ZWVkLWMzMmQ5YTcwMGMwZgBGAAAAAACsY-qGQCwBQ4xb3TLHpgp6BwDXovyD37sqTJHP5h1B9vVmAAAAAAENAADXovyD37sqTJHP5h1B9vVmAAAAAJ5LAAA="
"Contract: Testing - Testing Audit Date","2025-08-22 00:00","AAMkADlkNmQ2YjYzLWM1MDMtNGYxYS05ZWVkLWMzMmQ5YTcwMGMwZgBGAAAAAACsY-qGQCwBQ4xb3TLHpgp6BwDXovyD37sqTJHP5h1B9vVmAAAAAAENAADXovyD37sqTJHP5h1B9vVmAAAAAJ5UAAA="
"Contract: Testing - Testing Audit Date","2025-08-22 00:00","AAMkADlkNmQ2YjYzLWM1MDMtNGYxYS05ZWVkLWMzMmQ5YTcwMGMwZgBGAAAAAACsY-qGQCwBQ4xb3TLHpgp6BwDXovyD37sqTJHP5h1B9vVmAAAAAAENAADXovyD37sqTJHP5h1B9vVmAAAAAJ5dAAA="
"Contract: Testing - Testing Audit Date","2025-08-22 00:00","AAMkADlkNmQ2YjYzLWM1MDMtNGYxYS05ZWVkLWMzMmQ5YTcwMGMwZgBGAAAAAACsY-qGQCwBQ4xb3TLHpgp6BwDXovyD37sqTJHP5h1B9vVmAAAAAAENAADXovyD37sqTJHP5h1B9vVmAAAAAJ5mAAA="
"Contract: Testing - Testing Audit Date","2025-08-22 00:00","AAMkADlkNmQ2YjYzLWM1MDMtNGYxYS05ZWVkLWMzMmQ5YTcwMGMwZgBGAAAAAACsY-qGQCwBQ4xb3TLHpgp6BwDXovyD37sqTJHP5h1B9vVmAAAAAAENAADXovyD37sqTJHP5h1B9vVmAAAAAJ5vAAA="
"Contract: Testing - Testing Audit Date","2025-08-22 00:00","AAMkADlkNmQ2YjYzLWM1MDMtNGYxYS05ZWVkLWMzMmQ5YTcwMGMwZgBGAAAAAACsY-qGQCwBQ4xb3TLHpgp6BwDXovyD37sqTJHP5h1B9vVmAAAAAAENAADXovyD37sqTJHP5h1B9vVmAAAAAJ54AAA="
"Contract: Testing - Testing Audit Date","2025-08-22 00:00","AAMkADlkNmQ2YjYzLWM1MDMtNGYxYS05ZWVkLWMzMmQ5YTcwMGMwZgBGAAAAAACsY-qGQCwBQ4xb3TLHpgp6BwDXovyD37sqTJHP5h1B9vVmAAAAAAENAADXovyD37sqTJHP5h1B9vVmAAAAAJ6BAAA="
"Contract: Testing - Testing Audit Date","2025-08-22 00:00","AAMkADlkNmQ2YjYzLWM1MDMtNGYxYS05ZWVkLWMzMmQ5YTcwMGMwZgBGAAAAAACsY-qGQCwBQ4xb3TLHpgp6BwDXovyD37sqTJHP5h1B9vVmAAAAAAENAADXovyD37sqTJHP5h1B9vVmAAAAAJ6KAAA="
"Contract: Testing - Testing Audit Date","2025-08-22 00:00","AAMkADlkNmQ2YjYzLWM1MDMtNGYxYS05ZWVkLWMzMmQ5YTcwMGMwZgBGAAAAAACsY-qGQCwBQ4xb3TLHpgp6BwDXovyD37sqTJHP5h1B9vVmAAAAAAENAADXovyD37sqTJHP5h1B9vVmAAAAAJ6TAAA="
"Contract: Testing - Testing Audit Date","2025-08-22 00:00","AAMkADlkNmQ2YjYzLWM1MDMtNGYxYS05ZWVkLWMzMmQ5YTcwMGMwZgBGAAAAAACsY-qGQCwBQ4xb3TLHpgp6BwDXovyD37sqTJHP5h1B9vVmAAAAAAENAADXovyD37sqTJHP5h1B9vVmAAAAAJ6cAAA="
"Contract: Testing - Testing Audit Date","2025-08-22 00:00","AAMkADlkNmQ2YjYzLWM1MDMtNGYxYS05ZWVkLWMzMmQ5YTcwMGMwZgBGAAAAAACsY-qGQCwBQ4xb3TLHpgp6BwDXovyD37sqTJHP5h1B9vVmAAAAAAENAADXovyD37sqTJHP5h1B9vVmAAAAAJ6lAAA="
"Contract: Testing - Testing Audit Date","2025-08-22 00:00","AAMkADlkNmQ2YjYzLWM1MDMtNGYxYS05ZWVkLWMzMmQ5YTcwMGMwZgBGAAAAAACsY-qGQCwBQ4xb3TLHpgp6BwDXovyD37sqTJHP5h1B9vVmAAAAAAENAADXovyD37sqTJHP5h1B9vVmAAAAAJ6uAAA="
"Contract: Testing - Testing Audit Date","2025-08-22 00:00","AAMkADlkNmQ2YjYzLWM1MDMtNGYxYS05ZWVkLWMzMmQ5YTcwMGMwZgBGAAAAAACsY-qGQCwBQ4xb3TLHpgp6BwDXovyD37sqTJHP5h1B9vVmAAAAAAENAADXovyD37sqTJHP5h1B9vVmAAAAAJ63AAA="
"Contract: Testing - Testing Audit Date","2025-08-22 00:00","AAMkADlkNmQ2YjYzLWM1MDMtNGYxYS05ZWVkLWMzMmQ5YTcwMGMwZgBGAAAAAACsY-qGQCwBQ4xb3TLHpgp6BwDXovyD37sqTJHP5h1B9vVmAAAAAAENAADXovyD37sqTJHP5h1B9vVmAAAAAJ7AAAA="
"Contract: Testing - Testing Audit Date","2025-08-22 00:00","AAMkADlkNmQ2YjYzLWM1MDMtNGYxYS05ZWVkLWMzMmQ5YTcwMGMwZgBGAAAAAACsY-qGQCwBQ4xb3TLHpgp6BwDXovyD37sqTJHP5h1B9vVmAAAAAAENAADXovyD37sqTJHP5h1B9vVmAAAAAJ7JAAA="
"Contract: Testing - Testing Audit Date","2025-08-22 00:00","AAMkADlkNmQ2YjYzLWM1MDMtNGYxYS05ZWVkLWMzMmQ5YTcwMGMwZgBGAAAAAACsY-qGQCwBQ4xb3TLHpgp6BwDXovyD37sqTJHP5h1B9vVmAAAAAAENAADXovyD37sqTJHP5h1B9vVmAAAAAJ7TAAA="
"Contract: Testing - Testing Audit Date","2025-08-22 00:00","AAMkADlkNmQ2YjYzLWM1MDMtNGYxYS05ZWVkLWMzMmQ5YTcwMGMwZgBGAAAAAACsY-qGQCwBQ4xb3TLHpgp6BwDXovyD37sqTJHP5h1B9vVmAAAAAAENAADXovyD37sqTJHP5h1B9vVmAAAAAJ7bAAA="
"Contract: Testing - Testing Audit Date","2025-08-22 00:00","AAMkADlkNmQ2YjYzLWM1MDMtNGYxYS05ZWVkLWMzMmQ5YTcwMGMwZgBGAAAAAACsY-qGQCwBQ4xb3TLHpgp6BwDXovyD37sqTJHP5h1B9vVmAAAAAAENAADXovyD37sqTJHP5h1B9vVmAAAAAJ7jAAA="
"Contract: Testing - Testing Audit Date","2025-08-22 00:00","AAMkADlkNmQ2YjYzLWM1MDMtNGYxYS05ZWVkLWMzMmQ5YTcwMGMwZgBGAAAAAACsY-qGQCwBQ4xb3TLHpgp6BwDXovyD37sqTJHP5h1B9vVmAAAAAAENAADXovyD37sqTJHP5h1B9vVmAAAAAJ7rAAA="
"Contract: Testing - Testing Audit Date","2025-08-22 00:00","AAMkADlkNmQ2YjYzLWM1MDMtNGYxYS05ZWVkLWMzMmQ5YTcwMGMwZgBGAAAAAACsY-qGQCwBQ4xb3TLHpgp6BwDXovyD37sqTJHP5h1B9vVmAAAAAAENAADXovyD37sqTJHP5h1B9vVmAAAAAJ7zAAA="
"Contract: Testing - Testing Audit Date","2025-08-22 00:00","AAMkADlkNmQ2YjYzLWM1MDMtNGYxYS05ZWVkLWMzMmQ5YTcwMGMwZgBGAAAAAACsY-qGQCwBQ4xb3TLHpgp6BwDXovyD37sqTJHP5h1B9vVmAAAAAAENAADXovyD37sqTJHP5h1B9vVmAAAAAJ78AAA="
"Contract: Testing - Testing Audit Date","2025-08-22 00:00","AAMkADlkNmQ2YjYzLWM1MDMtNGYxYS05ZWVkLWMzMmQ5YTcwMGMwZgBGAAAAAACsY-qGQCwBQ4xb3TLHpgp6BwDXovyD37sqTJHP5h1B9vVmAAAAAAENAADXovyD37sqTJHP5h1B9vVmAAAAAJ8DAAA="
"Contract: Testing - Testing Audit Date","2025-08-22 00:00","AAMkADlkNmQ2YjYzLWM1MDMtNGYxYS05ZWVkLWMzMmQ5YTcwMGMwZgBGAAAAAACsY-qGQCwBQ4xb3TLHpgp6BwDXovyD37sqTJHP5h1B9vVmAAAAAAENAADXovyD37sqTJHP5h1B9vVmAAAAAJ8KAAA="
"Contract: Testing - Testing Audit Date","2025-08-22 00:00","AAMkADlkNmQ2YjYzLWM1MDMtNGYxYS05ZWVkLWMzMmQ5YTcwMGMwZgBGAAAAAACsY-qGQCwBQ4xb3TLHpgp6BwDXovyD37sqTJHP5h1B9vVmAAAAAAENAADXovyD37sqTJHP5h1B9vVmAAAAAJ8RAAA="
"Contract: Testing - Testing Audit Date","2025-08-22 00:00","AAMkADlkNmQ2YjYzLWM1MDMtNGYxYS05ZWVkLWMzMmQ5YTcwMGMwZgBGAAAAAACsY-qGQCwBQ4xb3TLHpgp6BwDXovyD37sqTJHP5h1B9vVmAAAAAAENAADXovyD37sqTJHP5h1B9vVmAAAAAJ8YAAA="
"Contract: Testing - Testing Audit Date","2025-08-22 00:00","AAMkADlkNmQ2YjYzLWM1MDMtNGYxYS05ZWVkLWMzMmQ5YTcwMGMwZgBGAAAAAACsY-qGQCwBQ4xb3TLHpgp6BwDXovyD37sqTJHP5h1B9vVmAAAAAAENAADXovyD37sqTJHP5h1B9vVmAAAAAJ8gAAA="
"Contract: Testing - Testing Audit Date","2025-08-22 00:00","AAMkADlkNmQ2YjYzLWM1MDMtNGYxYS05ZWVkLWMzMmQ5YTcwMGMwZgBGAAAAAACsY-qGQCwBQ4xb3TLHpgp6BwDXovyD37sqTJHP5h1B9vVmAAAAAAENAADXovyD37sqTJHP5h1B9vVmAAAAAJ8oAAA="
"Contract: Testing - Testing Audit Date","2025-08-22 00:00","AAMkADlkNmQ2YjYzLWM1MDMtNGYxYS05ZWVkLWMzMmQ5YTcwMGMwZgBGAAAAAACsY-qGQCwBQ4xb3TLHpgp6BwDXovyD37sqTJHP5h1B9vVmAAAAAAENAADXovyD37sqTJHP5h1B9vVmAAAAAJ_GAAA="
"Contract: Testing - Testing Audit Date","2025-08-22 00:00","AAMkADlkNmQ2YjYzLWM1MDMtNGYxYS05ZWVkLWMzMmQ5YTcwMGMwZgBGAAAAAACsY-qGQCwBQ4xb3TLHpgp6BwDXovyD37sqTJHP5h1B9vVmAAAAAAENAADXovyD37sqTJHP5h1B9vVmAAAAAJ_KAAA="
"Contract: Testing - Testing Audit Date","2025-08-22 00:00","AAMkADlkNmQ2YjYzLWM1MDMtNGYxYS05ZWVkLWMzMmQ5YTcwMGMwZgBGAAAAAACsY-qGQCwBQ4xb3TLHpgp6BwDXovyD37sqTJHP5h1B9vVmAAAAAAENAADXovyD37sqTJHP5h1B9vVmAAAAAJ_OAAA="
"Contract: Testing - Testing Audit Date","2025-08-22 00:00","AAMkADlkNmQ2YjYzLWM1MDMtNGYxYS05ZWVkLWMzMmQ5YTcwMGMwZgBGAAAAAACsY-qGQCwBQ4xb3TLHpgp6BwDXovyD37sqTJHP5h1B9vVmAAAAAAENAADXovyD37sqTJHP5h1B9vVmAAAAAJ_SAAA="
"Contract: Testing - Testing Audit Date","2025-08-22 00:00","AAMkADlkNmQ2YjYzLWM1MDMtNGYxYS05ZWVkLWMzMmQ5YTcwMGMwZgBGAAAAAACsY-qGQCwBQ4xb3TLHpgp6BwDXovyD37sqTJHP5h1B9vVmAAAAAAENAADXovyD37sqTJHP5h1B9vVmAAAAAJ_WAAA="
"Contract: Testing - Testing Audit Date","2025-08-22 00:00","AAMkADlkNmQ2YjYzLWM1MDMtNGYxYS05ZWVkLWMzMmQ5YTcwMGMwZgBGAAAAAACsY-qGQCwBQ4xb3TLHpgp6BwDXovyD37sqTJHP5h1B9vVmAAAAAAENAADXovyD37sqTJHP5h1B9vVmAAAAAJ_aAAA="
"Contract: Testing - Testing Audit Date","2025-08-22 00:00","AAMkADlkNmQ2YjYzLWM1MDMtNGYxYS05ZWVkLWMzMmQ5YTcwMGMwZgBGAAAAAACsY-qGQCwBQ4xb3TLHpgp6BwDXovyD37sqTJHP5h1B9vVmAAAAAAENAADXovyD37sqTJHP5h1B9vVmAAAAAJ_eAAA="
"Contract: Testing - Testing Audit Date","2025-08-22 00:00","AAMkADlkNmQ2YjYzLWM1MDMtNGYxYS05ZWVkLWMzMmQ5YTcwMGMwZgBGAAAAAACsY-qGQCwBQ4xb3TLHpgp6BwDXovyD37sqTJHP5h1B9vVmAAAAAAENAADXovyD37sqTJHP5h1B9vVmAAAAAJ_iAAA="
"Contract: Testing - Testing Audit Date","2025-08-22 00:00","AAMkADlkNmQ2YjYzLWM1MDMtNGYxYS05ZWVkLWMzMmQ5YTcwMGMwZgBGAAAAAACsY-qGQCwBQ4xb3TLHpgp6BwDXovyD37sqTJHP5h1B9vVmAAAAAAENAADXovyD37sqTJHP5h1B9vVmAAAAAJ_mAAA="
"Contract: Testing - Testing Audit Date","2025-08-22 00:00","AAMkADlkNmQ2YjYzLWM1MDMtNGYxYS05ZWVkLWMzMmQ5YTcwMGMwZgBGAAAAAACsY-qGQCwBQ4xb3TLHpgp6BwDXovyD37sqTJHP5h1B9vVmAAAAAAENAADXovyD37sqTJHP5h1B9vVmAAAAAJ_qAAA="
"Contract: Testing - Testing Audit Date","2025-08-22 00:00","AAMkADlkNmQ2YjYzLWM1MDMtNGYxYS05ZWVkLWMzMmQ5YTcwMGMwZgBGAAAAAACsY-qGQCwBQ4xb3TLHpgp6BwDXovyD37sqTJHP5h1B9vVmAAAAAAENAADXovyD37sqTJHP5h1B9vVmAAAAAJ_uAAA="
"Contract: Testing - Testing Audit Date","2025-08-22 00:00","AAMkADlkNmQ2YjYzLWM1MDMtNGYxYS05ZWVkLWMzMmQ5YTcwMGMwZgBGAAAAAACsY-qGQCwBQ4xb3TLHpgp6BwDXovyD37sqTJHP5h1B9vVmAAAAAAENAADXovyD37sqTJHP5h1B9vVmAAAAAJ_yAAA="
"Contract: Testing - Testing Audit Date","2025-08-22 00:00","AAMkADlkNmQ2YjYzLWM1MDMtNGYxYS05ZWVkLWMzMmQ5YTcwMGMwZgBGAAAAAACsY-qGQCwBQ4xb3TLHpgp6BwDXovyD37sqTJHP5h1B9vVmAAAAAAENAADXovyD37sqTJHP5h1B9vVmAAAAAJ_2AAA="
"Contract: Testing - Testing Audit Date","2025-08-22 00:00","AAMkADlkNmQ2YjYzLWM1MDMtNGYxYS05ZWVkLWMzMmQ5YTcwMGMwZgBGAAAAAACsY-qGQCwBQ4xb3TLHpgp6BwDXovyD37sqTJHP5h1B9vVmAAAAAAENAADXovyD37sqTJHP5h1B9vVmAAAAAJ_6AAA="
"Contract: Testing - Testing Audit Date","2025-08-22 00:00","AAMkADlkNmQ2YjYzLWM1MDMtNGYxYS05ZWVkLWMzMmQ5YTcwMGMwZgBGAAAAAACsY-qGQCwBQ4xb3TLHpgp6BwDXovyD37sqTJHP5h1B9vVmAAAAAAENAADXovyD37sqTJHP5h1B9vVmAAAAAJ__AAA="
"Contract: Testing - Testing Audit Date","2025-08-22 00:00","AAMkADlkNmQ2YjYzLWM1MDMtNGYxYS05ZWVkLWMzMmQ5YTcwMGMwZgBGAAAAAACsY-qGQCwBQ4xb3TLHpgp6BwDXovyD37sqTJHP5h1B9vVmAAAAAAENAADXovyD37sqTJHP5h1B9vVmAAAAAJ-CAAA="
"Contract: Testing - Testing Audit Date","2025-08-22 00:00","AAMkADlkNmQ2YjYzLWM1MDMtNGYxYS05ZWVkLWMzMmQ5YTcwMGMwZgBGAAAAAACsY-qGQCwBQ4xb3TLHpgp6BwDXovyD37sqTJHP5h1B9vVmAAAAAAENAADXovyD37sqTJHP5h1B9vVmAAAAAJ-GAAA="
"Contract: Testing - Testing Audit Date","2025-08-22 00:00","AAMkADlkNmQ2YjYzLWM1MDMtNGYxYS05ZWVkLWMzMmQ5YTcwMGMwZgBGAAAAAACsY-qGQCwBQ4xb3TLHpgp6BwDXovyD37sqTJHP5h1B9vVmAAAAAAENAADXovyD37sqTJHP5h1B9vVmAAAAAJ-KAAA="
"Contract: Testing - Testing Audit Date","2025-08-22 00:00","AAMkADlkNmQ2YjYzLWM1MDMtNGYxYS05ZWVkLWMzMmQ5YTcwMGMwZgBGAAAAAACsY-qGQCwBQ4xb3TLHpgp6BwDXovyD37sqTJHP5h1B9vVmAAAAAAENAADXovyD37sqTJHP5h1B9vVmAAAAAJ-OAAA="
"Contract: Testing - Testing Audit Date","2025-08-22 00:00","AAMkADlkNmQ2YjYzLWM1MDMtNGYxYS05ZWVkLWMzMmQ5YTcwMGMwZgBGAAAAAACsY-qGQCwBQ4xb3TLHpgp6BwDXovyD37sqTJHP5h1B9vVmAAAAAAENAADXovyD37sqTJHP5h1B9vVmAAAAAJ-SAAA="
"Contract: Testing - Testing Audit Date","2025-08-22 00:00","AAMkADlkNmQ2YjYzLWM1MDMtNGYxYS05ZWVkLWMzMmQ5YTcwMGMwZgBGAAAAAACsY-qGQCwBQ4xb3TLHpgp6BwDXovyD37sqTJHP5h1B9vVmAAAAAAENAADXovyD37sqTJHP5h1B9vVmAAAAAJ-WAAA="
"Contract: Testing - Testing Audit Date","2025-08-22 00:00","AAMkADlkNmQ2YjYzLWM1MDMtNGYxYS05ZWVkLWMzMmQ5YTcwMGMwZgBGAAAAAACsY-qGQCwBQ4xb3TLHpgp6BwDXovyD37sqTJHP5h1B9vVmAAAAAAENAADXovyD37sqTJHP5h1B9vVmAAAAAJ-bAAA="
"Contract: Testing - Testing Audit Date","2025-08-22 00:00","AAMkADlkNmQ2YjYzLWM1MDMtNGYxYS05ZWVkLWMzMmQ5YTcwMGMwZgBGAAAAAACsY-qGQCwBQ4xb3TLHpgp6BwDXovyD37sqTJHP5h1B9vVmAAAAAAENAADXovyD37sqTJHP5h1B9vVmAAAAAJ-gAAA="
"Contract: Testing - Testing Audit Date","2025-08-22 00:00","AAMkADlkNmQ2YjYzLWM1MDMtNGYxYS05ZWVkLWMzMmQ5YTcwMGMwZgBGAAAAAACsY-qGQCwBQ4xb3TLHpgp6BwDXovyD37sqTJHP5h1B9vVmAAAAAAENAADXovyD37sqTJHP5h1B9vVmAAAAAJ-lAAA="
"Contract: Testing - Testing Audit Date","2025-08-22 00:00","AAMkADlkNmQ2YjYzLWM1MDMtNGYxYS05ZWVkLWMzMmQ5YTcwMGMwZgBGAAAAAACsY-qGQCwBQ4xb3TLHpgp6BwDXovyD37sqTJHP5h1B9vVmAAAAAAENAADXovyD37sqTJHP5h1B9vVmAAAAAJ-qAAA="
"Contract: Testing - Testing Audit Date","2025-08-22 00:00","AAMkADlkNmQ2YjYzLWM1MDMtNGYxYS05ZWVkLWMzMmQ5YTcwMGMwZgBGAAAAAACsY-qGQCwBQ4xb3TLHpgp6BwDXovyD37sqTJHP5h1B9vVmAAAAAAENAADXovyD37sqTJHP5h1B9vVmAAAAAJ-vAAA="
"Contract: Testing - Testing Audit Date","2025-08-22 00:00","AAMkADlkNmQ2YjYzLWM1MDMtNGYxYS05ZWVkLWMzMmQ5YTcwMGMwZgBGAAAAAACsY-qGQCwBQ4xb3TLHpgp6BwDXovyD37sqTJHP5h1B9vVmAAAAAAENAADXovyD37sqTJHP5h1B9vVmAAAAAJ-0AAA="
"Contract: Testing - Testing Audit Date","2025-08-22 00:00","AAMkADlkNmQ2YjYzLWM1MDMtNGYxYS05ZWVkLWMzMmQ5YTcwMGMwZgBGAAAAAACsY-qGQCwBQ4xb3TLHpgp6BwDXovyD37sqTJHP5h1B9vVmAAAAAAENAADXovyD37sqTJHP5h1B9vVmAAAAAJ-5AAA="
"Contract: Testing - Testing Audit Date","2025-08-22 00:00","AAMkADlkNmQ2YjYzLWM1MDMtNGYxYS05ZWVkLWMzMmQ5YTcwMGMwZgBGAAAAAACsY-qGQCwBQ4xb3TLHpgp6BwDXovyD37sqTJHP5h1B9vVmAAAAAAENAADXovyD37sqTJHP5h1B9vVmAAAAAJ-_AAA="
"Contract: Testing - Testing Audit Date","2025-08-22 00:00","AAMkADlkNmQ2YjYzLWM1MDMtNGYxYS05ZWVkLWMzMmQ5YTcwMGMwZgBGAAAAAACsY-qGQCwBQ4xb3TLHpgp6BwDXovyD37sqTJHP5h1B9vVmAAAAAAENAADXovyD37sqTJHP5h1B9vVmAAAAAKADAAA="
"Contract: Testing - Testing Audit Date","2025-08-22 00:00","AAMkADlkNmQ2YjYzLWM1MDMtNGYxYS05ZWVkLWMzMmQ5YTcwMGMwZgBGAAAAAACsY-qGQCwBQ4xb3TLHpgp6BwDXovyD37sqTJHP5h1B9vVmAAAAAAENAADXovyD37sqTJHP5h1B9vVmAAAAAKAIAAA="
"Contract: Testing - Testing Audit Date","2025-08-22 00:00","AAMkADlkNmQ2YjYzLWM1MDMtNGYxYS05ZWVkLWMzMmQ5YTcwMGMwZgBGAAAAAACsY-qGQCwBQ4xb3TLHpgp6BwDXovyD37sqTJHP5h1B9vVmAAAAAAENAADXovyD37sqTJHP5h1B9vVmAAAAAKANAAA="
"Contract: Testing - Testing Audit Date","2025-08-22 00:00","AAMkADlkNmQ2YjYzLWM1MDMtNGYxYS05ZWVkLWMzMmQ5YTcwMGMwZgBGAAAAAACsY-qGQCwBQ4xb3TLHpgp6BwDXovyD37sqTJHP5h1B9vVmAAAAAAENAADXovyD37sqTJHP5h1B9vVmAAAAAKASAAA="
"Contract: Testing - Testing Audit Date","2025-08-22 00:00","AAMkADlkNmQ2YjYzLWM1MDMtNGYxYS05ZWVkLWMzMmQ5YTcwMGMwZgBGAAAAAACsY-qGQCwBQ4xb3TLHpgp6BwDXovyD37sqTJHP5h1B9vVmAAAAAAENAADXovyD37sqTJHP5h1B9vVmAAAAAKAXAAA="
"Contract: Testing - Testing Audit Date","2025-08-22 00:00","AAMkADlkNmQ2YjYzLWM1MDMtNGYxYS05ZWVkLWMzMmQ5YTcwMGMwZgBGAAAAAACsY-qGQCwBQ4xb3TLHpgp6BwDXovyD37sqTJHP5h1B9vVmAAAAAAENAADXovyD37sqTJHP5h1B9vVmAAAAAKAcAAA="
"Contract: Testing - Testing Audit Date","2025-08-22 00:00","AAMkADlkNmQ2YjYzLWM1MDMtNGYxYS05ZWVkLWMzMmQ5YTcwMGMwZgBGAAAAAACsY-qGQCwBQ4xb3TLHpgp6BwDXovyD37sqTJHP5h1B9vVmAAAAAAENAADXovyD37sqTJHP5h1B9vVmAAAAAKAhAAA="
"Contract: Testing - Testing Audit Date","2025-08-22 00:00","AAMkADlkNmQ2YjYzLWM1MDMtNGYxYS05ZWVkLWMzMmQ5YTcwMGMwZgBGAAAAAACsY-qGQCwBQ4xb3TLHpgp6BwDXovyD37sqTJHP5h1B9vVmAAAAAAENAADXovyD37sqTJHP5h1B9vVmAAAAAKAmAAA="
"Contract: Testing - Testing Audit Date","2025-08-22 00:00","AAMkADlkNmQ2YjYzLWM1MDMtNGYxYS05ZWVkLWMzMmQ5YTcwMGMwZgBGAAAAAACsY-qGQCwBQ4xb3TLHpgp6BwDXovyD37sqTJHP5h1B9vVmAAAAAAENAADXovyD37sqTJHP5h1B9vVmAAAAAKArAAA="
"Contract: Testing - Testing Audit Date","2025-08-22 00:00","AAMkADlkNmQ2YjYzLWM1MDMtNGYxYS05ZWVkLWMzMmQ5YTcwMGMwZgBGAAAAAACsY-qGQCwBQ4xb3TLHpgp6BwDXovyD37sqTJHP5h1B9vVmAAAAAAENAADXovyD37sqTJHP5h1B9vVmAAAAAKAwAAA="
"Contract: Testing - Testing Audit Date","2025-08-22 00:00","AAMkADlkNmQ2YjYzLWM1MDMtNGYxYS05ZWVkLWMzMmQ5YTcwMGMwZgBGAAAAAACsY-qGQCwBQ4xb3TLHpgp6BwDXovyD37sqTJHP5h1B9vVmAAAAAAENAADXovyD37sqTJHP5h1B9vVmAAAAAKA1AAA="
"Contract: Testing - Testing Audit Date","2025-08-22 00:00","AAMkADlkNmQ2YjYzLWM1MDMtNGYxYS05ZWVkLWMzMmQ5YTcwMGMwZgBGAAAAAACsY-qGQCwBQ4xb3TLHpgp6BwDXovyD37sqTJHP5h1B9vVmAAAAAAENAADXovyD37sqTJHP5h1B9vVmAAAAAKA6AAA="
"Contract: Testing - Testing Audit Date","2025-08-22 00:00","AAMkADlkNmQ2YjYzLWM1MDMtNGYxYS05ZWVkLWMzMmQ5YTcwMGMwZgBGAAAAAACsY-qGQCwBQ4xb3TLHpgp6BwDXovyD37sqTJHP5h1B9vVmAAAAAAENAADXovyD37sqTJHP5h1B9vVmAAAAAKA-AAA="
"Contract: Testing - Testing Audit Date","2025-08-22 00:00","AAMkADlkNmQ2YjYzLWM1MDMtNGYxYS05ZWVkLWMzMmQ5YTcwMGMwZgBGAAAAAACsY-qGQCwBQ4xb3TLHpgp6BwDXovyD37sqTJHP5h1B9vVmAAAAAAENAADXovyD37sqTJHP5h1B9vVmAAAAAKBEAAA="
"Contract: Testing - Testing Audit Date","2025-08-22 00:00","AAMkADlkNmQ2YjYzLWM1MDMtNGYxYS05ZWVkLWMzMmQ5YTcwMGMwZgBGAAAAAACsY-qGQCwBQ4xb3TLHpgp6BwDXovyD37sqTJHP5h1B9vVmAAAAAAENAADXovyD37sqTJHP5h1B9vVmAAAAAKBKAAA="
"Contract: Testing - Testing Audit Date","2025-08-22 00:00","AAMkADlkNmQ2YjYzLWM1MDMtNGYxYS05ZWVkLWMzMmQ5YTcwMGMwZgBGAAAAAACsY-qGQCwBQ4xb3TLHpgp6BwDXovyD37sqTJHP5h1B9vVmAAAAAAENAADXovyD37sqTJHP5h1B9vVmAAAAAKBQAAA="
"Contract: Testing - Testing Audit Date","2025-08-22 00:00","AAMkADlkNmQ2YjYzLWM1MDMtNGYxYS05ZWVkLWMzMmQ5YTcwMGMwZgBGAAAAAACsY-qGQCwBQ4xb3TLHpgp6BwDXovyD37sqTJHP5h1B9vVmAAAAAAENAADXovyD37sqTJHP5h1B9vVmAAAAAKBWAAA="
"Contract: Testing - Testing Audit Date","2025-08-22 00:00","AAMkADlkNmQ2YjYzLWM1MDMtNGYxYS05ZWVkLWMzMmQ5YTcwMGMwZgBGAAAAAACsY-qGQCwBQ4xb3TLHpgp6BwDXovyD37sqTJHP5h1B9vVmAAAAAAENAADXovyD37sqTJHP5h1B9vVmAAAAAKBcAAA="
"Contract: Testing - Testing Audit Date","2025-08-22 00:00","AAMkADlkNmQ2YjYzLWM1MDMtNGYxYS05ZWVkLWMzMmQ5YTcwMGMwZgBGAAAAAACsY-qGQCwBQ4xb3TLHpgp6BwDXovyD37sqTJHP5h1B9vVmAAAAAAENAADXovyD37sqTJHP5h1B9vVmAAAAAKBiAAA="
"Contract: Testing - Testing Audit Date","2025-08-22 00:00","AAMkADlkNmQ2YjYzLWM1MDMtNGYxYS05ZWVkLWMzMmQ5YTcwMGMwZgBGAAAAAACsY-qGQCwBQ4xb3TLHpgp6BwDXovyD37sqTJHP5h1B9vVmAAAAAAENAADXovyD37sqTJHP5h1B9vVmAAAAAKBoAAA="
"Contract: Testing - Testing Audit Date","2025-08-22 00:00","AAMkADlkNmQ2YjYzLWM1MDMtNGYxYS05ZWVkLWMzMmQ5YTcwMGMwZgBGAAAAAACsY-qGQCwBQ4xb3TLHpgp6BwDXovyD37sqTJHP5h1B9vVmAAAAAAENAADXovyD37sqTJHP5h1B9vVmAAAAAKBuAAA="
"Contract: Testing - Testing Audit Date","2025-08-22 00:00","AAMkADlkNmQ2YjYzLWM1MDMtNGYxYS05ZWVkLWMzMmQ5YTcwMGMwZgBGAAAAAACsY-qGQCwBQ4xb3TLHpgp6BwDXovyD37sqTJHP5h1B9vVmAAAAAAENAADXovyD37sqTJHP5h1B9vVmAAAAAKB0AAA="
"Contract: Testing - Testing Audit Date","2025-08-22 00:00","AAMkADlkNmQ2YjYzLWM1MDMtNGYxYS05ZWVkLWMzMmQ5YTcwMGMwZgBGAAAAAACsY-qGQCwBQ4xb3TLHpgp6BwDXovyD37sqTJHP5h1B9vVmAAAAAAENAADXovyD37sqTJHP5h1B9vVmAAAAAKB6AAA="
"Contract: Testing - Testing Audit Date","2025-08-22 00:00","AAMkADlkNmQ2YjYzLWM1MDMtNGYxYS05ZWVkLWMzMmQ5YTcwMGMwZgBGAAAAAACsY-qGQCwBQ4xb3TLHpgp6BwDXovyD37sqTJHP5h1B9vVmAAAAAAENAADXovyD37sqTJHP5h1B9vVmAAAAAKCAAAA="
"Contract: Testing - Testing Audit Date","2025-08-22 00:00","AAMkADlkNmQ2YjYzLWM1MDMtNGYxYS05ZWVkLWMzMmQ5YTcwMGMwZgBGAAAAAACsY-qGQCwBQ4xb3TLHpgp6BwDXovyD37sqTJHP5h1B9vVmAAAAAAENAADXovyD37sqTJHP5h1B9vVmAAAAAKCGAAA="
"Contract: Testing - Testing Audit Date","2025-08-22 00:00","AAMkADlkNmQ2YjYzLWM1MDMtNGYxYS05ZWVkLWMzMmQ5YTcwMGMwZgBGAAAAAACsY-qGQCwBQ4xb3TLHpgp6BwDXovyD37sqTJHP5h1B9vVmAAAAAAENAADXovyD37sqTJHP5h1B9vVmAAAAAKCMAAA="
"Contract: Testing - Testing Audit Date","2025-08-22 00:00","AAMkADlkNmQ2YjYzLWM1MDMtNGYxYS05ZWVkLWMzMmQ5YTcwMGMwZgBGAAAAAACsY-qGQCwBQ4xb3TLHpgp6BwDXovyD37sqTJHP5h1B9vVmAAAAAAENAADXovyD37sqTJHP5h1B9vVmAAAAAKCSAAA="
"Contract: Testing - Testing Audit Date","2025-08-22 00:00","AAMkADlkNmQ2YjYzLWM1MDMtNGYxYS05ZWVkLWMzMmQ5YTcwMGMwZgBGAAAAAACsY-qGQCwBQ4xb3TLHpgp6BwDXovyD37sqTJHP5h1B9vVmAAAAAAENAADXovyD37sqTJHP5h1B9vVmAAAAAKCYAAA="
"Contract: Testing - Testing Audit Date","2025-08-22 00:00","AAMkADlkNmQ2YjYzLWM1MDMtNGYxYS05ZWVkLWMzMmQ5YTcwMGMwZgBGAAAAAACsY-qGQCwBQ4xb3TLHpgp6BwDXovyD37sqTJHP5h1B9vVmAAAAAAENAADXovyD37sqTJHP5h1B9vVmAAAAAKCeAAA="
"Contract: Testing - Testing Audit Date","2025-08-22 00:00","AAMkADlkNmQ2YjYzLWM1MDMtNGYxYS05ZWVkLWMzMmQ5YTcwMGMwZgBGAAAAAACsY-qGQCwBQ4xb3TLHpgp6BwDXovyD37sqTJHP5h1B9vVmAAAAAAENAADXovyD37sqTJHP5h1B9vVmAAAAAKCkAAA="
"Contract: Testing - Testing Audit Date","2025-08-22 00:00","AAMkADlkNmQ2YjYzLWM1MDMtNGYxYS05ZWVkLWMzMmQ5YTcwMGMwZgBGAAAAAACsY-qGQCwBQ4xb3TLHpgp6BwDXovyD37sqTJHP5h1B9vVmAAAAAAENAADXovyD37sqTJHP5h1B9vVmAAAAAKCqAAA="
"Contract: Testing - Testing Audit Date","2025-08-22 00:00","AAMkADlkNmQ2YjYzLWM1MDMtNGYxYS05ZWVkLWMzMmQ5YTcwMGMwZgBGAAAAAACsY-qGQCwBQ4xb3TLHpgp6BwDXovyD37sqTJHP5h1B9vVmAAAAAAENAADXovyD37sqTJHP5h1B9vVmAAAAAKCwAAA="
"Contract: Testing - Testing Audit Date","2025-08-22 00:00","AAMkADlkNmQ2YjYzLWM1MDMtNGYxYS05ZWVkLWMzMmQ5YTcwMGMwZgBGAAAAAACsY-qGQCwBQ4xb3TLHpgp6BwDXovyD37sqTJHP5h1B9vVmAAAAAAENAADXovyD37sqTJHP5h1B9vVmAAAAAKC2AAA="
"Contract: Testing - Testing Audit Date","2025-08-22 00:00","AAMkADlkNmQ2YjYzLWM1MDMtNGYxYS05ZWVkLWMzMmQ5YTcwMGMwZgBGAAAAAACsY-qGQCwBQ4xb3TLHpgp6BwDXovyD37sqTJHP5h1B9vVmAAAAAAENAADXovyD37sqTJHP5h1B9vVmAAAAAKC8AAA="
"Contract: Testing - Testing Audit Date","2025-08-22 00:00","AAMkADlkNmQ2YjYzLWM1MDMtNGYxYS05ZWVkLWMzMmQ5YTcwMGMwZgBGAAAAAACsY-qGQCwBQ4xb3TLHpgp6BwDXovyD37sqTJHP5h1B9vVmAAAAAAENAADXovyD37sqTJHP5h1B9vVmAAAAAKDCAAA="
"Contract: Testing - Testing Audit Date","2025-08-22 00:00","AAMkADlkNmQ2YjYzLWM1MDMtNGYxYS05ZWVkLWMzMmQ5YTcwMGMwZgBGAAAAAACsY-qGQCwBQ4xb3TLHpgp6BwDXovyD37sqTJHP5h1B9vVmAAAAAAENAADXovyD37sqTJHP5h1B9vVmAAAAAKDIAAA="
"Contract: Testing - Testing Audit Date","2025-08-22 00:00","AAMkADlkNmQ2YjYzLWM1MDMtNGYxYS05ZWVkLWMzMmQ5YTcwMGMwZgBGAAAAAACsY-qGQCwBQ4xb3TLHpgp6BwDXovyD37sqTJHP5h1B9vVmAAAAAAENAADXovyD37sqTJHP5h1B9vVmAAAAAKDOAAA="
"Contract: Testing - Testing Audit Date","2025-08-22 00:00","AAMkADlkNmQ2YjYzLWM1MDMtNGYxYS05ZWVkLWMzMmQ5YTcwMGMwZgBGAAAAAACsY-qGQCwBQ4xb3TLHpgp6BwDXovyD37sqTJHP5h1B9vVmAAAAAAENAADXovyD37sqTJHP5h1B9vVmAAAAAKDUAAA="
"Contract: Testing - Testing Audit Date","2025-08-22 00:00","AAMkADlkNmQ2YjYzLWM1MDMtNGYxYS05ZWVkLWMzMmQ5YTcwMGMwZgBGAAAAAACsY-qGQCwBQ4xb3TLHpgp6BwDXovyD37sqTJHP5h1B9vVmAAAAAAENAADXovyD37sqTJHP5h1B9vVmAAAAAKDaAAA="
"Contract: Testing - Testing Audit Date","2025-08-22 00:00","AAMkADlkNmQ2YjYzLWM1MDMtNGYxYS05ZWVkLWMzMmQ5YTcwMGMwZgBGAAAAAACsY-qGQCwBQ4xb3TLHpgp6BwDXovyD37sqTJHP5h1B9vVmAAAAAAENAADXovyD37sqTJHP5h1B9vVmAAAAAKDgAAA="
"Contract: Testing - Testing Audit Date","2025-08-22 00:00","AAMkADlkNmQ2YjYzLWM1MDMtNGYxYS05ZWVkLWMzMmQ5YTcwMGMwZgBGAAAAAACsY-qGQCwBQ4xb3TLHpgp6BwDXovyD37sqTJHP5h1B9vVmAAAAAAENAADXovyD37sqTJHP5h1B9vVmAAAAAKDmAAA="
"Contract: Testing - Testing Audit Date","2025-08-22 00:00","AAMkADlkNmQ2YjYzLWM1MDMtNGYxYS05ZWVkLWMzMmQ5YTcwMGMwZgBGAAAAAACsY-qGQCwBQ4xb3TLHpgp6BwDXovyD37sqTJHP5h1B9vVmAAAAAAENAADXovyD37sqTJHP5h1B9vVmAAAAAKDsAAA="
"Contract: Testing - Testing Audit Date","2025-08-22 00:00","AAMkADlkNmQ2YjYzLWM1MDMtNGYxYS05ZWVkLWMzMmQ5YTcwMGMwZgBGAAAAAACsY-qGQCwBQ4xb3TLHpgp6BwDXovyD37sqTJHP5h1B9vVmAAAAAAENAADXovyD37sqTJHP5h1B9vVmAAAAAKDyAAA="
"Contract: Testing - Testing Audit Date","2025-08-22 00:00","AAMkADlkNmQ2YjYzLWM1MDMtNGYxYS05ZWVkLWMzMmQ5YTcwMGMwZgBGAAAAAACsY-qGQCwBQ4xb3TLHpgp6BwDXovyD37sqTJHP5h1B9vVmAAAAAAENAADXovyD37sqTJHP5h1B9vVmAAAAAKD4AAA="
"Contract: Testing - Testing Audit Date","2025-08-22 00:00","AAMkADlkNmQ2YjYzLWM1MDMtNGYxYS05ZWVkLWMzMmQ5YTcwMGMwZgBGAAAAAACsY-qGQCwBQ4xb3TLHpgp6BwDXovyD37sqTJHP5h1B9vVmAAAAAAENAADXovyD37sqTJHP5h1B9vVmAAAAAKD_AAA="
"Contract: Testing - Testing Audit Date","2025-08-22 00:00","AAMkADlkNmQ2YjYzLWM1MDMtNGYxYS05ZWVkLWMzMmQ5YTcwMGMwZgBGAAAAAACsY-qGQCwBQ4xb3TLHpgp6BwDXovyD37sqTJHP5h1B9vVmAAAAAAENAADXovyD37sqTJHP5h1B9vVmAAAAAKEEAAA="
"Contract: Testing - Testing Audit Date","2025-08-22 00:00","AAMkADlkNmQ2YjYzLWM1MDMtNGYxYS05ZWVkLWMzMmQ5YTcwMGMwZgBGAAAAAACsY-qGQCwBQ4xb3TLHpgp6BwDXovyD37sqTJHP5h1B9vVmAAAAAAENAADXovyD37sqTJHP5h1B9vVmAAAAAKEKAAA="
"Contract: Testing - Testing Audit Date","2025-08-22 00:00","AAMkADlkNmQ2YjYzLWM1MDMtNGYxYS05ZWVkLWMzMmQ5YTcwMGMwZgBGAAAAAACsY-qGQCwBQ4xb3TLHpgp6BwDXovyD37sqTJHP5h1B9vVmAAAAAAENAADXovyD37sqTJHP5h1B9vVmAAAAAKEQAAA="
"Contract: Testing - Testing Audit Date","2025-08-22 00:00","AAMkADlkNmQ2YjYzLWM1MDMtNGYxYS05ZWVkLWMzMmQ5YTcwMGMwZgBGAAAAAACsY-qGQCwBQ4xb3TLHpgp6BwDXovyD37sqTJHP5h1B9vVmAAAAAAENAADXovyD37sqTJHP5h1B9vVmAAAAAKEWAAA="
"Contract: Testing - Testing Audit Date","2025-08-22 00:00","AAMkADlkNmQ2YjYzLWM1MDMtNGYxYS05ZWVkLWMzMmQ5YTcwMGMwZgBGAAAAAACsY-qGQCwBQ4xb3TLHpgp6BwDXovyD37sqTJHP5h1B9vVmAAAAAAENAADXovyD37sqTJHP5h1B9vVmAAAAAKEcAAA="
"Contract: Testing - Testing Audit Date","2025-08-22 00:00","AAMkADlkNmQ2YjYzLWM1MDMtNGYxYS05ZWVkLWMzMmQ5YTcwMGMwZgBGAAAAAACsY-qGQCwBQ4xb3TLHpgp6BwDXovyD37sqTJHP5h1B9vVmAAAAAAENAADXovyD37sqTJHP5h1B9vVmAAAAAKEiAAA="
"Contract: Testing - Testing Audit Date","2025-08-22 00:00","AAMkADlkNmQ2YjYzLWM1MDMtNGYxYS05ZWVkLWMzMmQ5YTcwMGMwZgBGAAAAAACsY-qGQCwBQ4xb3TLHpgp6BwDXovyD37sqTJHP5h1B9vVmAAAAAAENAADXovyD37sqTJHP5h1B9vVmAAAAAKEoAAA="
"Contract: Testing - Testing Audit Date","2025-08-22 00:00","AAMkADlkNmQ2YjYzLWM1MDMtNGYxYS05ZWVkLWMzMmQ5YTcwMGMwZgBGAAAAAACsY-qGQCwBQ4xb3TLHpgp6BwDXovyD37sqTJHP5h1B9vVmAAAAAAENAADXovyD37sqTJHP5h1B9vVmAAAAAKEuAAA="
"Contract: Testing - Testing Audit Date","2025-08-22 00:00","AAMkADlkNmQ2YjYzLWM1MDMtNGYxYS05ZWVkLWMzMmQ5YTcwMGMwZgBGAAAAAACsY-qGQCwBQ4xb3TLHpgp6BwDXovyD37sqTJHP5h1B9vVmAAAAAAENAADXovyD37sqTJHP5h1B9vVmAAAAAKE0AAA="
"Contract: Testing - Testing Audit Date","2025-08-22 00:00","AAMkADlkNmQ2YjYzLWM1MDMtNGYxYS05ZWVkLWMzMmQ5YTcwMGMwZgBGAAAAAACsY-qGQCwBQ4xb3TLHpgp6BwDXovyD37sqTJHP5h1B9vVmAAAAAAENAADXovyD37sqTJHP5h1B9vVmAAAAAKE6AAA="
"Contract: Testing - Testing Audit Date","2025-08-22 00:00","AAMkADlkNmQ2YjYzLWM1MDMtNGYxYS05ZWVkLWMzMmQ5YTcwMGMwZgBGAAAAAACsY-qGQCwBQ4xb3TLHpgp6BwDXovyD37sqTJHP5h1B9vVmAAAAAAENAADXovyD37sqTJHP5h1B9vVmAAAAAKFAAAA="
"Contract: Testing - Testing Audit Date","2025-08-22 00:00","AAMkADlkNmQ2YjYzLWM1MDMtNGYxYS05ZWVkLWMzMmQ5YTcwMGMwZgBGAAAAAACsY-qGQCwBQ4xb3TLHpgp6BwDXovyD37sqTJHP5h1B9vVmAAAAAAENAADXovyD37sqTJHP5h1B9vVmAAAAAKFGAAA="
"Contract: Testing - Testing Audit Date","2025-08-22 00:00","AAMkADlkNmQ2YjYzLWM1MDMtNGYxYS05ZWVkLWMzMmQ5YTcwMGMwZgBGAAAAAACsY-qGQCwBQ4xb3TLHpgp6BwDXovyD37sqTJHP5h1B9vVmAAAAAAENAADXovyD37sqTJHP5h1B9vVmAAAAAKFMAAA="
"Contract: Testing - Testing Audit Date","2025-08-22 00:00","AAMkADlkNmQ2YjYzLWM1MDMtNGYxYS05ZWVkLWMzMmQ5YTcwMGMwZgBGAAAAAACsY-qGQCwBQ4xb3TLHpgp6BwDXovyD37sqTJHP5h1B9vVmAAAAAAENAADXovyD37sqTJHP5h1B9vVmAAAAAKFSAAA="
"Contract: Testing - Testing Audit Date","2025-08-22 00:00","AAMkADlkNmQ2YjYzLWM1MDMtNGYxYS05ZWVkLWMzMmQ5YTcwMGMwZgBGAAAAAACsY-qGQCwBQ4xb3TLHpgp6BwDXovyD37sqTJHP5h1B9vVmAAAAAAENAADXovyD37sqTJHP5h1B9vVmAAAAAKFYAAA="
"Contract: Testing - Testing Audit Date","2025-08-22 00:00","AAMkADlkNmQ2YjYzLWM1MDMtNGYxYS05ZWVkLWMzMmQ5YTcwMGMwZgBGAAAAAACsY-qGQCwBQ4xb3TLHpgp6BwDXovyD37sqTJHP5h1B9vVmAAAAAAENAADXovyD37sqTJHP5h1B9vVmAAAAAKFeAAA="
"Contract: Testing - Testing Audit Date","2025-08-22 00:00","AAMkADlkNmQ2YjYzLWM1MDMtNGYxYS05ZWVkLWMzMmQ5YTcwMGMwZgBGAAAAAACsY-qGQCwBQ4xb3TLHpgp6BwDXovyD37sqTJHP5h1B9vVmAAAAAAENAADXovyD37sqTJHP5h1B9vVmAAAAAKFkAAA="
"Contract: Testing - Testing Audit Date","2025-08-22 00:00","AAMkADlkNmQ2YjYzLWM1MDMtNGYxYS05ZWVkLWMzMmQ5YTcwMGMwZgBGAAAAAACsY-qGQCwBQ4xb3TLHpgp6BwDXovyD37sqTJHP5h1B9vVmAAAAAAENAADXovyD37sqTJHP5h1B9vVmAAAAAKFqAAA="
"Contract: Testing - Testing Audit Date","2025-08-22 00:00","AAMkADlkNmQ2YjYzLWM1MDMtNGYxYS05ZWVkLWMzMmQ5YTcwMGMwZgBGAAAAAACsY-qGQCwBQ4xb3TLHpgp6BwDXovyD37sqTJHP5h1B9vVmAAAAAAENAADXovyD37sqTJHP5h1B9vVmAAAAAKFwAAA="
"Contract: Testing - Testing Audit Date","2025-08-22 00:00","AAMkADlkNmQ2YjYzLWM1MDMtNGYxYS05ZWVkLWMzMmQ5YTcwMGMwZgBGAAAAAACsY-qGQCwBQ4xb3TLHpgp6BwDXovyD37sqTJHP5h1B9vVmAAAAAAENAADXovyD37sqTJHP5h1B9vVmAAAAAKF2AAA="
"Contract: Testing - Testing Audit Date","2025-08-22 00:00","AAMkADlkNmQ2YjYzLWM1MDMtNGYxYS05ZWVkLWMzMmQ5YTcwMGMwZgBGAAAAAACsY-qGQCwBQ4xb3TLHpgp6BwDXovyD37sqTJHP5h1B9vVmAAAAAAENAADXovyD37sqTJHP5h1B9vVmAAAAAKF8AAA="
"Contract: Testing - Testing Audit Date","2025-08-22 00:00","AAMkADlkNmQ2YjYzLWM1MDMtNGYxYS05ZWVkLWMzMmQ5YTcwMGMwZgBGAAAAAACsY-qGQCwBQ4xb3TLHpgp6BwDXovyD37sqTJHP5h1B9vVmAAAAAAENAADXovyD37sqTJHP5h1B9vVmAAAAAKGCAAA="
"Contract: Testing - Testing Audit Date","2025-08-22 00:00","AAMkADlkNmQ2YjYzLWM1MDMtNGYxYS05ZWVkLWMzMmQ5YTcwMGMwZgBGAAAAAACsY-qGQCwBQ4xb3TLHpgp6BwDXovyD37sqTJHP5h1B9vVmAAAAAAENAADXovyD37sqTJHP5h1B9vVmAAAAAKGIAAA="
"Contract: Testing - Testing Audit Date","2025-08-22 00:00","AAMkADlkNmQ2YjYzLWM1MDMtNGYxYS05ZWVkLWMzMmQ5YTcwMGMwZgBGAAAAAACsY-qGQCwBQ4xb3TLHpgp6BwDXovyD37sqTJHP5h1B9vVmAAAAAAENAADXovyD37sqTJHP5h1B9vVmAAAAAKGOAAA="
"Contract: Testing - Testing Audit Date","2025-08-22 00:00","AAMkADlkNmQ2YjYzLWM1MDMtNGYxYS05ZWVkLWMzMmQ5YTcwMGMwZgBGAAAAAACsY-qGQCwBQ4xb3TLHpgp6BwDXovyD37sqTJHP5h1B9vVmAAAAAAENAADXovyD37sqTJHP5h1B9vVmAAAAAKGUAAA="
"Contract: Testing - Testing Audit Date","2025-08-22 00:00","AAMkADlkNmQ2YjYzLWM1MDMtNGYxYS05ZWVkLWMzMmQ5YTcwMGMwZgBGAAAAAACsY-qGQCwBQ4xb3TLHpgp6BwDXovyD37sqTJHP5h1B9vVmAAAAAAENAADXovyD37sqTJHP5h1B9vVmAAAAAKGaAAA="
"Contract: Testing - Testing Audit Date","2025-08-22 04:00","AAMkADlkNmQ2YjYzLWM1MDMtNGYxYS05ZWVkLWMzMmQ5YTcwMGMwZgBGAAAAAACsY-qGQCwBQ4xb3TLHpgp6BwDXovyD37sqTJHP5h1B9vVmAAAAAAENAADXovyD37sqTJHP5h1B9vVmAAAAAJ8vAAA="
"Contract: Testing - Testing Audit Date","2025-08-22 04:00","AAMkADlkNmQ2YjYzLWM1MDMtNGYxYS05ZWVkLWMzMmQ5YTcwMGMwZgBGAAAAAACsY-qGQCwBQ4xb3TLHpgp6BwDXovyD37sqTJHP5h1B9vVmAAAAAAENAADXovyD37sqTJHP5h1B9vVmAAAAAJ81AAA="
"Contract: Testing - Testing Audit Date","2025-08-22 04:00","AAMkADlkNmQ2YjYzLWM1MDMtNGYxYS05ZWVkLWMzMmQ5YTcwMGMwZgBGAAAAAACsY-qGQCwBQ4xb3TLHpgp6BwDXovyD37sqTJHP5h1B9vVmAAAAAAENAADXovyD37sqTJHP5h1B9vVmAAAAAJ86AAA="
"Contract: Testing - Testing Audit Date","2025-08-22 04:00","AAMkADlkNmQ2YjYzLWM1MDMtNGYxYS05ZWVkLWMzMmQ5YTcwMGMwZgBGAAAAAACsY-qGQCwBQ4xb3TLHpgp6BwDXovyD37sqTJHP5h1B9vVmAAAAAAENAADXovyD37sqTJHP5h1B9vVmAAAAAJ8_AAA="
"Contract: Testing - Testing Audit Date","2025-08-22 04:00","AAMkADlkNmQ2YjYzLWM1MDMtNGYxYS05ZWVkLWMzMmQ5YTcwMGMwZgBGAAAAAACsY-qGQCwBQ4xb3TLHpgp6BwDXovyD37sqTJHP5h1B9vVmAAAAAAENAADXovyD37sqTJHP5h1B9vVmAAAAAJ9CAAA="
"Contract: Testing - Testing Audit Date","2025-08-22 04:00","AAMkADlkNmQ2YjYzLWM1MDMtNGYxYS05ZWVkLWMzMmQ5YTcwMGMwZgBGAAAAAACsY-qGQCwBQ4xb3TLHpgp6BwDXovyD37sqTJHP5h1B9vVmAAAAAAENAADXovyD37sqTJHP5h1B9vVmAAAAAJ9GAAA="
"Contract: Testing - Testing Audit Date","2025-08-22 04:00","AAMkADlkNmQ2YjYzLWM1MDMtNGYxYS05ZWVkLWMzMmQ5YTcwMGMwZgBGAAAAAACsY-qGQCwBQ4xb3TLHpgp6BwDXovyD37sqTJHP5h1B9vVmAAAAAAENAADXovyD37sqTJHP5h1B9vVmAAAAAJ9KAAA="
"Contract: Testing - Testing Audit Date","2025-08-22 04:00","AAMkADlkNmQ2YjYzLWM1MDMtNGYxYS05ZWVkLWMzMmQ5YTcwMGMwZgBGAAAAAACsY-qGQCwBQ4xb3TLHpgp6BwDXovyD37sqTJHP5h1B9vVmAAAAAAENAADXovyD37sqTJHP5h1B9vVmAAAAAJ9OAAA="
"Contract: Testing - Testing Audit Date","2025-08-22 04:00","AAMkADlkNmQ2YjYzLWM1MDMtNGYxYS05ZWVkLWMzMmQ5YTcwMGMwZgBGAAAAAACsY-qGQCwBQ4xb3TLHpgp6BwDXovyD37sqTJHP5h1B9vVmAAAAAAENAADXovyD37sqTJHP5h1B9vVmAAAAAJ9SAAA="
"Contract: Testing - Testing Audit Date","2025-08-22 04:00","AAMkADlkNmQ2YjYzLWM1MDMtNGYxYS05ZWVkLWMzMmQ5YTcwMGMwZgBGAAAAAACsY-qGQCwBQ4xb3TLHpgp6BwDXovyD37sqTJHP5h1B9vVmAAAAAAENAADXovyD37sqTJHP5h1B9vVmAAAAAJ9WAAA="
"Contract: Testing - Testing Audit Date","2025-08-22 04:00","AAMkADlkNmQ2YjYzLWM1MDMtNGYxYS05ZWVkLWMzMmQ5YTcwMGMwZgBGAAAAAACsY-qGQCwBQ4xb3TLHpgp6BwDXovyD37sqTJHP5h1B9vVmAAAAAAENAADXovyD37sqTJHP5h1B9vVmAAAAAJ9aAAA="
"Contract: Testing - Testing Audit Date","2025-08-22 04:00","AAMkADlkNmQ2YjYzLWM1MDMtNGYxYS05ZWVkLWMzMmQ5YTcwMGMwZgBGAAAAAACsY-qGQCwBQ4xb3TLHpgp6BwDXovyD37sqTJHP5h1B9vVmAAAAAAENAADXovyD37sqTJHP5h1B9vVmAAAAAJ9eAAA="
"Contract: Testing - Testing Audit Date","2025-08-22 04:00","AAMkADlkNmQ2YjYzLWM1MDMtNGYxYS05ZWVkLWMzMmQ5YTcwMGMwZgBGAAAAAACsY-qGQCwBQ4xb3TLHpgp6BwDXovyD37sqTJHP5h1B9vVmAAAAAAENAADXovyD37sqTJHP5h1B9vVmAAAAAJ9iAAA="
"Contract: Testing - Testing Audit Date","2025-08-22 04:00","AAMkADlkNmQ2YjYzLWM1MDMtNGYxYS05ZWVkLWMzMmQ5YTcwMGMwZgBGAAAAAACsY-qGQCwBQ4xb3TLHpgp6BwDXovyD37sqTJHP5h1B9vVmAAAAAAENAADXovyD37sqTJHP5h1B9vVmAAAAAJ9mAAA="
"Contract: Testing - Testing Audit Date","2025-08-22 04:00","AAMkADlkNmQ2YjYzLWM1MDMtNGYxYS05ZWVkLWMzMmQ5YTcwMGMwZgBGAAAAAACsY-qGQCwBQ4xb3TLHpgp6BwDXovyD37sqTJHP5h1B9vVmAAAAAAENAADXovyD37sqTJHP5h1B9vVmAAAAAJ9qAAA="
"Contract: Testing - Testing Audit Date","2025-08-22 04:00","AAMkADlkNmQ2YjYzLWM1MDMtNGYxYS05ZWVkLWMzMmQ5YTcwMGMwZgBGAAAAAACsY-qGQCwBQ4xb3TLHpgp6BwDXovyD37sqTJHP5h1B9vVmAAAAAAENAADXovyD37sqTJHP5h1B9vVmAAAAAJ9uAAA="
"Contract: Testing - Testing Audit Date","2025-08-22 04:00","AAMkADlkNmQ2YjYzLWM1MDMtNGYxYS05ZWVkLWMzMmQ5YTcwMGMwZgBGAAAAAACsY-qGQCwBQ4xb3TLHpgp6BwDXovyD37sqTJHP5h1B9vVmAAAAAAENAADXovyD37sqTJHP5h1B9vVmAAAAAJ9yAAA="
"Contract: Testing - Testing Audit Date","2025-08-22 04:00","AAMkADlkNmQ2YjYzLWM1MDMtNGYxYS05ZWVkLWMzMmQ5YTcwMGMwZgBGAAAAAACsY-qGQCwBQ4xb3TLHpgp6BwDXovyD37sqTJHP5h1B9vVmAAAAAAENAADXovyD37sqTJHP5h1B9vVmAAAAAJ92AAA="
"Contract: Testing - Testing Audit Date","2025-08-22 04:00","AAMkADlkNmQ2YjYzLWM1MDMtNGYxYS05ZWVkLWMzMmQ5YTcwMGMwZgBGAAAAAACsY-qGQCwBQ4xb3TLHpgp6BwDXovyD37sqTJHP5h1B9vVmAAAAAAENAADXovyD37sqTJHP5h1B9vVmAAAAAJ96AAA="
"Contract: Lylla Harrold - test","2025-09-22 00:05","AAMkADlkNmQ2YjYzLWM1MDMtNGYxYS05ZWVkLWMzMmQ5YTcwMGMwZgBGAAAAAACsY-qGQCwBQ4xb3TLHpgp6BwDXovyD37sqTJHP5h1B9vVmAAAAAAENAADXovyD37sqTJHP5h1B9vVmAAAAAJ3mAAA="
"Contract: Lylla Harrold - test","2025-09-22 00:05","AAMkADlkNmQ2YjYzLWM1MDMtNGYxYS05ZWVkLWMzMmQ5YTcwMGMwZgBGAAAAAACsY-qGQCwBQ4xb3TLHpgp6BwDXovyD37sqTJHP5h1B9vVmAAAAAAENAADXovyD37sqTJHP5h1B9vVmAAAAAJ3wAAA="
"Contract: Lylla Harrold - test","2025-09-22 00:05","AAMkADlkNmQ2YjYzLWM1MDMtNGYxYS05ZWVkLWMzMmQ5YTcwMGMwZgBGAAAAAACsY-qGQCwBQ4xb3TLHpgp6BwDXovyD37sqTJHP5h1B9vVmAAAAAAENAADXovyD37sqTJHP5h1B9vVmAAAAAJ35AAA="
"Contract: Lylla Harrold - test","2025-09-22 00:05","AAMkADlkNmQ2YjYzLWM1MDMtNGYxYS05ZWVkLWMzMmQ5YTcwMGMwZgBGAAAAAACsY-qGQCwBQ4xb3TLHpgp6BwDXovyD37sqTJHP5h1B9vVmAAAAAAENAADXovyD37sqTJHP5h1B9vVmAAAAAJ4CAAA="
"Contract: Lylla Harrold - test","2025-09-22 00:05","AAMkADlkNmQ2YjYzLWM1MDMtNGYxYS05ZWVkLWMzMmQ5YTcwMGMwZgBGAAAAAACsY-qGQCwBQ4xb3TLHpgp6BwDXovyD37sqTJHP5h1B9vVmAAAAAAENAADXovyD37sqTJHP5h1B9vVmAAAAAJ4UAAA="
"Contract: Lylla Harrold - test","2025-09-22 00:05","AAMkADlkNmQ2YjYzLWM1MDMtNGYxYS05ZWVkLWMzMmQ5YTcwMGMwZgBGAAAAAACsY-qGQCwBQ4xb3TLHpgp6BwDXovyD37sqTJHP5h1B9vVmAAAAAAENAADXovyD37sqTJHP5h1B9vVmAAAAAJ4vAAA="
"Contract: Lylla Harrold - test","2025-09-22 00:05","AAMkADlkNmQ2YjYzLWM1MDMtNGYxYS05ZWVkLWMzMmQ5YTcwMGMwZgBGAAAAAACsY-qGQCwBQ4xb3TLHpgp6BwDXovyD37sqTJHP5h1B9vVmAAAAAAENAADXovyD37sqTJHP5h1B9vVmAAAAAJ44AAA="
"Contract: Lylla Harrold - test","2025-09-22 00:05","AAMkADlkNmQ2YjYzLWM1MDMtNGYxYS05ZWVkLWMzMmQ5YTcwMGMwZgBGAAAAAACsY-qGQCwBQ4xb3TLHpgp6BwDXovyD37sqTJHP5h1B9vVmAAAAAAENAADXovyD37sqTJHP5h1B9vVmAAAAAJ5BAAA="
"Contract: Lylla Harrold - test","2025-09-22 00:05","AAMkADlkNmQ2YjYzLWM1MDMtNGYxYS05ZWVkLWMzMmQ5YTcwMGMwZgBGAAAAAACsY-qGQCwBQ4xb3TLHpgp6BwDXovyD37sqTJHP5h1B9vVmAAAAAAENAADXovyD37sqTJHP5h1B9vVmAAAAAJ5KAAA="
"Contract: Lylla Harrold - test","2025-09-22 00:05","AAMkADlkNmQ2YjYzLWM1MDMtNGYxYS05ZWVkLWMzMmQ5YTcwMGMwZgBGAAAAAACsY-qGQCwBQ4xb3TLHpgp6BwDXovyD37sqTJHP5h1B9vVmAAAAAAENAADXovyD37sqTJHP5h1B9vVmAAAAAJ5TAAA="
"Contract: Lylla Harrold - test","2025-09-22 00:05","AAMkADlkNmQ2YjYzLWM1MDMtNGYxYS05ZWVkLWMzMmQ5YTcwMGMwZgBGAAAAAACsY-qGQCwBQ4xb3TLHpgp6BwDXovyD37sqTJHP5h1B9vVmAAAAAAENAADXovyD37sqTJHP5h1B9vVmAAAAAJ5cAAA="
"Contract: Lylla Harrold - test","2025-09-22 00:05","AAMkADlkNmQ2YjYzLWM1MDMtNGYxYS05ZWVkLWMzMmQ5YTcwMGMwZgBGAAAAAACsY-qGQCwBQ4xb3TLHpgp6BwDXovyD37sqTJHP5h1B9vVmAAAAAAENAADXovyD37sqTJHP5h1B9vVmAAAAAJ5lAAA="
"Contract: Lylla Harrold - test","2025-09-22 00:05","AAMkADlkNmQ2YjYzLWM1MDMtNGYxYS05ZWVkLWMzMmQ5YTcwMGMwZgBGAAAAAACsY-qGQCwBQ4xb3TLHpgp6BwDXovyD37sqTJHP5h1B9vVmAAAAAAENAADXovyD37sqTJHP5h1B9vVmAAAAAJ5uAAA="
"Contract: Lylla Harrold - test","2025-09-22 00:05","AAMkADlkNmQ2YjYzLWM1MDMtNGYxYS05ZWVkLWMzMmQ5YTcwMGMwZgBGAAAAAACsY-qGQCwBQ4xb3TLHpgp6BwDXovyD37sqTJHP5h1B9vVmAAAAAAENAADXovyD37sqTJHP5h1B9vVmAAAAAJ53AAA="
"Contract: Lylla Harrold - test","2025-09-22 00:05","AAMkADlkNmQ2YjYzLWM1MDMtNGYxYS05ZWVkLWMzMmQ5YTcwMGMwZgBGAAAAAACsY-qGQCwBQ4xb3TLHpgp6BwDXovyD37sqTJHP5h1B9vVmAAAAAAENAADXovyD37sqTJHP5h1B9vVmAAAAAJ6AAAA="
"Contract: Lylla Harrold - test","2025-09-22 00:05","AAMkADlkNmQ2YjYzLWM1MDMtNGYxYS05ZWVkLWMzMmQ5YTcwMGMwZgBGAAAAAACsY-qGQCwBQ4xb3TLHpgp6BwDXovyD37sqTJHP5h1B9vVmAAAAAAENAADXovyD37sqTJHP5h1B9vVmAAAAAJ6JAAA="
"Contract: Lylla Harrold - test","2025-09-22 00:05","AAMkADlkNmQ2YjYzLWM1MDMtNGYxYS05ZWVkLWMzMmQ5YTcwMGMwZgBGAAAAAACsY-qGQCwBQ4xb3TLHpgp6BwDXovyD37sqTJHP5h1B9vVmAAAAAAENAADXovyD37sqTJHP5h1B9vVmAAAAAJ6SAAA="
"Contract: Lylla Harrold - test","2025-09-22 00:05","AAMkADlkNmQ2YjYzLWM1MDMtNGYxYS05ZWVkLWMzMmQ5YTcwMGMwZgBGAAAAAACsY-qGQCwBQ4xb3TLHpgp6BwDXovyD37sqTJHP5h1B9vVmAAAAAAENAADXovyD37sqTJHP5h1B9vVmAAAAAJ6bAAA="
"Contract: Lylla Harrold - test","2025-09-22 00:05","AAMkADlkNmQ2YjYzLWM1MDMtNGYxYS05ZWVkLWMzMmQ5YTcwMGMwZgBGAAAAAACsY-qGQCwBQ4xb3TLHpgp6BwDXovyD37sqTJHP5h1B9vVmAAAAAAENAADXovyD37sqTJHP5h1B9vVmAAAAAJ6kAAA="
"Contract: Lylla Harrold - test","2025-09-22 00:05","AAMkADlkNmQ2YjYzLWM1MDMtNGYxYS05ZWVkLWMzMmQ5YTcwMGMwZgBGAAAAAACsY-qGQCwBQ4xb3TLHpgp6BwDXovyD37sqTJHP5h1B9vVmAAAAAAENAADXovyD37sqTJHP5h1B9vVmAAAAAJ6tAAA="
"Contract: Lylla Harrold - test","2025-09-22 00:05","AAMkADlkNmQ2YjYzLWM1MDMtNGYxYS05ZWVkLWMzMmQ5YTcwMGMwZgBGAAAAAACsY-qGQCwBQ4xb3TLHpgp6BwDXovyD37sqTJHP5h1B9vVmAAAAAAENAADXovyD37sqTJHP5h1B9vVmAAAAAJ62AAA="
"Contract: Lylla Harrold - test","2025-09-22 00:05","AAMkADlkNmQ2YjYzLWM1MDMtNGYxYS05ZWVkLWMzMmQ5YTcwMGMwZgBGAAAAAACsY-qGQCwBQ4xb3TLHpgp6BwDXovyD37sqTJHP5h1B9vVmAAAAAAENAADXovyD37sqTJHP5h1B9vVmAAAAAJ6-AAA="
"Contract: Lylla Harrold - test","2025-09-22 00:05","AAMkADlkNmQ2YjYzLWM1MDMtNGYxYS05ZWVkLWMzMmQ5YTcwMGMwZgBGAAAAAACsY-qGQCwBQ4xb3TLHpgp6BwDXovyD37sqTJHP5h1B9vVmAAAAAAENAADXovyD37sqTJHP5h1B9vVmAAAAAJ7IAAA="
"Contract: Lylla Harrold - test","2025-09-22 00:05","AAMkADlkNmQ2YjYzLWM1MDMtNGYxYS05ZWVkLWMzMmQ5YTcwMGMwZgBGAAAAAACsY-qGQCwBQ4xb3TLHpgp6BwDXovyD37sqTJHP5h1B9vVmAAAAAAENAADXovyD37sqTJHP5h1B9vVmAAAAAJ7SAAA="
"Contract: Lylla Harrold - test","2025-09-22 00:05","AAMkADlkNmQ2YjYzLWM1MDMtNGYxYS05ZWVkLWMzMmQ5YTcwMGMwZgBGAAAAAACsY-qGQCwBQ4xb3TLHpgp6BwDXovyD37sqTJHP5h1B9vVmAAAAAAENAADXovyD37sqTJHP5h1B9vVmAAAAAJ7aAAA="
"Contract: Lylla Harrold - test","2025-09-22 00:05","AAMkADlkNmQ2YjYzLWM1MDMtNGYxYS05ZWVkLWMzMmQ5YTcwMGMwZgBGAAAAAACsY-qGQCwBQ4xb3TLHpgp6BwDXovyD37sqTJHP5h1B9vVmAAAAAAENAADXovyD37sqTJHP5h1B9vVmAAAAAJ7iAAA="
"Contract: Lylla Harrold - test","2025-09-22 00:05","AAMkADlkNmQ2YjYzLWM1MDMtNGYxYS05ZWVkLWMzMmQ5YTcwMGMwZgBGAAAAAACsY-qGQCwBQ4xb3TLHpgp6BwDXovyD37sqTJHP5h1B9vVmAAAAAAENAADXovyD37sqTJHP5h1B9vVmAAAAAJ7qAAA="
"Contract: Lylla Harrold - test","2025-09-22 00:05","AAMkADlkNmQ2YjYzLWM1MDMtNGYxYS05ZWVkLWMzMmQ5YTcwMGMwZgBGAAAAAACsY-qGQCwBQ4xb3TLHpgp6BwDXovyD37sqTJHP5h1B9vVmAAAAAAENAADXovyD37sqTJHP5h1B9vVmAAAAAJ7yAAA="
"Contract: Lylla Harrold - test","2025-09-22 00:05","AAMkADlkNmQ2YjYzLWM1MDMtNGYxYS05ZWVkLWMzMmQ5YTcwMGMwZgBGAAAAAACsY-qGQCwBQ4xb3TLHpgp6BwDXovyD37sqTJHP5h1B9vVmAAAAAAENAADXovyD37sqTJHP5h1B9vVmAAAAAJ77AAA="
"Contract: Lylla Harrold - test","2025-09-22 00:05","AAMkADlkNmQ2YjYzLWM1MDMtNGYxYS05ZWVkLWMzMmQ5YTcwMGMwZgBGAAAAAACsY-qGQCwBQ4xb3TLHpgp6BwDXovyD37sqTJHP5h1B9vVmAAAAAAENAADXovyD37sqTJHP5h1B9vVmAAAAAJ8CAAA="
"Contract: Lylla Harrold - test","2025-09-22 00:05","AAMkADlkNmQ2YjYzLWM1MDMtNGYxYS05ZWVkLWMzMmQ5YTcwMGMwZgBGAAAAAACsY-qGQCwBQ4xb3TLHpgp6BwDXovyD37sqTJHP5h1B9vVmAAAAAAENAADXovyD37sqTJHP5h1B9vVmAAAAAJ8JAAA="
"Contract: Lylla Harrold - test","2025-09-22 00:05","AAMkADlkNmQ2YjYzLWM1MDMtNGYxYS05ZWVkLWMzMmQ5YTcwMGMwZgBGAAAAAACsY-qGQCwBQ4xb3TLHpgp6BwDXovyD37sqTJHP5h1B9vVmAAAAAAENAADXovyD37sqTJHP5h1B9vVmAAAAAJ8QAAA="
"Contract: Lylla Harrold - test","2025-09-22 00:05","AAMkADlkNmQ2YjYzLWM1MDMtNGYxYS05ZWVkLWMzMmQ5YTcwMGMwZgBGAAAAAACsY-qGQCwBQ4xb3TLHpgp6BwDXovyD37sqTJHP5h1B9vVmAAAAAAENAADXovyD37sqTJHP5h1B9vVmAAAAAJ8XAAA="
"Contract: Lylla Harrold - test","2025-09-22 00:05","AAMkADlkNmQ2YjYzLWM1MDMtNGYxYS05ZWVkLWMzMmQ5YTcwMGMwZgBGAAAAAACsY-qGQCwBQ4xb3TLHpgp6BwDXovyD37sqTJHP5h1B9vVmAAAAAAENAADXovyD37sqTJHP5h1B9vVmAAAAAJ8fAAA="
"Contract: Lylla Harrold - test","2025-09-22 00:05","AAMkADlkNmQ2YjYzLWM1MDMtNGYxYS05ZWVkLWMzMmQ5YTcwMGMwZgBGAAAAAACsY-qGQCwBQ4xb3TLHpgp6BwDXovyD37sqTJHP5h1B9vVmAAAAAAENAADXovyD37sqTJHP5h1B9vVmAAAAAJ8nAAA="
"Contract: Lylla Harrold - test","2025-09-22 00:05","AAMkADlkNmQ2YjYzLWM1MDMtNGYxYS05ZWVkLWMzMmQ5YTcwMGMwZgBGAAAAAACsY-qGQCwBQ4xb3TLHpgp6BwDXovyD37sqTJHP5h1B9vVmAAAAAAENAADXovyD37sqTJHP5h1B9vVmAAAAAJ_FAAA="
"Contract: Lylla Harrold - test","2025-09-22 00:05","AAMkADlkNmQ2YjYzLWM1MDMtNGYxYS05ZWVkLWMzMmQ5YTcwMGMwZgBGAAAAAACsY-qGQCwBQ4xb3TLHpgp6BwDXovyD37sqTJHP5h1B9vVmAAAAAAENAADXovyD37sqTJHP5h1B9vVmAAAAAJ_JAAA="
"Contract: Lylla Harrold - test","2025-09-22 00:05","AAMkADlkNmQ2YjYzLWM1MDMtNGYxYS05ZWVkLWMzMmQ5YTcwMGMwZgBGAAAAAACsY-qGQCwBQ4xb3TLHpgp6BwDXovyD37sqTJHP5h1B9vVmAAAAAAENAADXovyD37sqTJHP5h1B9vVmAAAAAJ_NAAA="
"Contract: Lylla Harrold - test","2025-09-22 00:05","AAMkADlkNmQ2YjYzLWM1MDMtNGYxYS05ZWVkLWMzMmQ5YTcwMGMwZgBGAAAAAACsY-qGQCwBQ4xb3TLHpgp6BwDXovyD37sqTJHP5h1B9vVmAAAAAAENAADXovyD37sqTJHP5h1B9vVmAAAAAJ_RAAA="
"Contract: Lylla Harrold - test","2025-09-22 00:05","AAMkADlkNmQ2YjYzLWM1MDMtNGYxYS05ZWVkLWMzMmQ5YTcwMGMwZgBGAAAAAACsY-qGQCwBQ4xb3TLHpgp6BwDXovyD37sqTJHP5h1B9vVmAAAAAAENAADXovyD37sqTJHP5h1B9vVmAAAAAJ_VAAA="
"Contract: Lylla Harrold - test","2025-09-22 00:05","AAMkADlkNmQ2YjYzLWM1MDMtNGYxYS05ZWVkLWMzMmQ5YTcwMGMwZgBGAAAAAACsY-qGQCwBQ4xb3TLHpgp6BwDXovyD37sqTJHP5h1B9vVmAAAAAAENAADXovyD37sqTJHP5h1B9vVmAAAAAJ_ZAAA="
"Contract: Lylla Harrold - test","2025-09-22 00:05","AAMkADlkNmQ2YjYzLWM1MDMtNGYxYS05ZWVkLWMzMmQ5YTcwMGMwZgBGAAAAAACsY-qGQCwBQ4xb3TLHpgp6BwDXovyD37sqTJHP5h1B9vVmAAAAAAENAADXovyD37sqTJHP5h1B9vVmAAAAAJ_dAAA="
"Contract: Lylla Harrold - test","2025-09-22 00:05","AAMkADlkNmQ2YjYzLWM1MDMtNGYxYS05ZWVkLWMzMmQ5YTcwMGMwZgBGAAAAAACsY-qGQCwBQ4xb3TLHpgp6BwDXovyD37sqTJHP5h1B9vVmAAAAAAENAADXovyD37sqTJHP5h1B9vVmAAAAAJ_hAAA="
"Contract: Lylla Harrold - test","2025-09-22 00:05","AAMkADlkNmQ2YjYzLWM1MDMtNGYxYS05ZWVkLWMzMmQ5YTcwMGMwZgBGAAAAAACsY-qGQCwBQ4xb3TLHpgp6BwDXovyD37sqTJHP5h1B9vVmAAAAAAENAADXovyD37sqTJHP5h1B9vVmAAAAAJ_lAAA="
"Contract: Lylla Harrold - test","2025-09-22 00:05","AAMkADlkNmQ2YjYzLWM1MDMtNGYxYS05ZWVkLWMzMmQ5YTcwMGMwZgBGAAAAAACsY-qGQCwBQ4xb3TLHpgp6BwDXovyD37sqTJHP5h1B9vVmAAAAAAENAADXovyD37sqTJHP5h1B9vVmAAAAAJ_pAAA="
"Contract: Lylla Harrold - test","2025-09-22 00:05","AAMkADlkNmQ2YjYzLWM1MDMtNGYxYS05ZWVkLWMzMmQ5YTcwMGMwZgBGAAAAAACsY-qGQCwBQ4xb3TLHpgp6BwDXovyD37sqTJHP5h1B9vVmAAAAAAENAADXovyD37sqTJHP5h1B9vVmAAAAAJ_tAAA="
"Contract: Lylla Harrold - test","2025-09-22 00:05","AAMkADlkNmQ2YjYzLWM1MDMtNGYxYS05ZWVkLWMzMmQ5YTcwMGMwZgBGAAAAAACsY-qGQCwBQ4xb3TLHpgp6BwDXovyD37sqTJHP5h1B9vVmAAAAAAENAADXovyD37sqTJHP5h1B9vVmAAAAAJ_xAAA="
"Contract: Lylla Harrold - test","2025-09-22 00:05","AAMkADlkNmQ2YjYzLWM1MDMtNGYxYS05ZWVkLWMzMmQ5YTcwMGMwZgBGAAAAAACsY-qGQCwBQ4xb3TLHpgp6BwDXovyD37sqTJHP5h1B9vVmAAAAAAENAADXovyD37sqTJHP5h1B9vVmAAAAAJ_1AAA="
"Contract: Lylla Harrold - test","2025-09-22 00:05","AAMkADlkNmQ2YjYzLWM1MDMtNGYxYS05ZWVkLWMzMmQ5YTcwMGMwZgBGAAAAAACsY-qGQCwBQ4xb3TLHpgp6BwDXovyD37sqTJHP5h1B9vVmAAAAAAENAADXovyD37sqTJHP5h1B9vVmAAAAAJ_5AAA="
"Contract: Lylla Harrold - test","2025-09-22 00:05","AAMkADlkNmQ2YjYzLWM1MDMtNGYxYS05ZWVkLWMzMmQ5YTcwMGMwZgBGAAAAAACsY-qGQCwBQ4xb3TLHpgp6BwDXovyD37sqTJHP5h1B9vVmAAAAAAENAADXovyD37sqTJHP5h1B9vVmAAAAAJ_9AAA="
"Contract: Lylla Harrold - test","2025-09-22 00:05","AAMkADlkNmQ2YjYzLWM1MDMtNGYxYS05ZWVkLWMzMmQ5YTcwMGMwZgBGAAAAAACsY-qGQCwBQ4xb3TLHpgp6BwDXovyD37sqTJHP5h1B9vVmAAAAAAENAADXovyD37sqTJHP5h1B9vVmAAAAAJ-BAAA="
"Contract: Lylla Harrold - test","2025-09-22 00:05","AAMkADlkNmQ2YjYzLWM1MDMtNGYxYS05ZWVkLWMzMmQ5YTcwMGMwZgBGAAAAAACsY-qGQCwBQ4xb3TLHpgp6BwDXovyD37sqTJHP5h1B9vVmAAAAAAENAADXovyD37sqTJHP5h1B9vVmAAAAAJ-FAAA="
"Contract: Lylla Harrold - test","2025-09-22 00:05","AAMkADlkNmQ2YjYzLWM1MDMtNGYxYS05ZWVkLWMzMmQ5YTcwMGMwZgBGAAAAAACsY-qGQCwBQ4xb3TLHpgp6BwDXovyD37sqTJHP5h1B9vVmAAAAAAENAADXovyD37sqTJHP5h1B9vVmAAAAAJ-JAAA="
"Contract: Lylla Harrold - test","2025-09-22 00:05","AAMkADlkNmQ2YjYzLWM1MDMtNGYxYS05ZWVkLWMzMmQ5YTcwMGMwZgBGAAAAAACsY-qGQCwBQ4xb3TLHpgp6BwDXovyD37sqTJHP5h1B9vVmAAAAAAENAADXovyD37sqTJHP5h1B9vVmAAAAAJ-NAAA="
"Contract: Lylla Harrold - test","2025-09-22 00:05","AAMkADlkNmQ2YjYzLWM1MDMtNGYxYS05ZWVkLWMzMmQ5YTcwMGMwZgBGAAAAAACsY-qGQCwBQ4xb3TLHpgp6BwDXovyD37sqTJHP5h1B9vVmAAAAAAENAADXovyD37sqTJHP5h1B9vVmAAAAAJ-RAAA="
"Contract: Lylla Harrold - test","2025-09-22 00:05","AAMkADlkNmQ2YjYzLWM1MDMtNGYxYS05ZWVkLWMzMmQ5YTcwMGMwZgBGAAAAAACsY-qGQCwBQ4xb3TLHpgp6BwDXovyD37sqTJHP5h1B9vVmAAAAAAENAADXovyD37sqTJHP5h1B9vVmAAAAAJ-VAAA="
"Contract: Lylla Harrold - test","2025-09-22 00:05","AAMkADlkNmQ2YjYzLWM1MDMtNGYxYS05ZWVkLWMzMmQ5YTcwMGMwZgBGAAAAAACsY-qGQCwBQ4xb3TLHpgp6BwDXovyD37sqTJHP5h1B9vVmAAAAAAENAADXovyD37sqTJHP5h1B9vVmAAAAAJ-aAAA="
"Contract: Lylla Harrold - test","2025-09-22 00:05","AAMkADlkNmQ2YjYzLWM1MDMtNGYxYS05ZWVkLWMzMmQ5YTcwMGMwZgBGAAAAAACsY-qGQCwBQ4xb3TLHpgp6BwDXovyD37sqTJHP5h1B9vVmAAAAAAENAADXovyD37sqTJHP5h1B9vVmAAAAAJ-fAAA="
"Contract: Lylla Harrold - test","2025-09-22 00:05","AAMkADlkNmQ2YjYzLWM1MDMtNGYxYS05ZWVkLWMzMmQ5YTcwMGMwZgBGAAAAAACsY-qGQCwBQ4xb3TLHpgp6BwDXovyD37sqTJHP5h1B9vVmAAAAAAENAADXovyD37sqTJHP5h1B9vVmAAAAAJ-kAAA="
"Contract: Lylla Harrold - test","2025-09-22 00:05","AAMkADlkNmQ2YjYzLWM1MDMtNGYxYS05ZWVkLWMzMmQ5YTcwMGMwZgBGAAAAAACsY-qGQCwBQ4xb3TLHpgp6BwDXovyD37sqTJHP5h1B9vVmAAAAAAENAADXovyD37sqTJHP5h1B9vVmAAAAAJ-pAAA="
"Contract: Lylla Harrold - test","2025-09-22 00:05","AAMkADlkNmQ2YjYzLWM1MDMtNGYxYS05ZWVkLWMzMmQ5YTcwMGMwZgBGAAAAAACsY-qGQCwBQ4xb3TLHpgp6BwDXovyD37sqTJHP5h1B9vVmAAAAAAENAADXovyD37sqTJHP5h1B9vVmAAAAAJ-uAAA="
"Contract: Lylla Harrold - test","2025-09-22 00:05","AAMkADlkNmQ2YjYzLWM1MDMtNGYxYS05ZWVkLWMzMmQ5YTcwMGMwZgBGAAAAAACsY-qGQCwBQ4xb3TLHpgp6BwDXovyD37sqTJHP5h1B9vVmAAAAAAENAADXovyD37sqTJHP5h1B9vVmAAAAAJ-zAAA="
"Contract: Lylla Harrold - test","2025-09-22 00:05","AAMkADlkNmQ2YjYzLWM1MDMtNGYxYS05ZWVkLWMzMmQ5YTcwMGMwZgBGAAAAAACsY-qGQCwBQ4xb3TLHpgp6BwDXovyD37sqTJHP5h1B9vVmAAAAAAENAADXovyD37sqTJHP5h1B9vVmAAAAAJ-4AAA="
"Contract: Lylla Harrold - test","2025-09-22 00:05","AAMkADlkNmQ2YjYzLWM1MDMtNGYxYS05ZWVkLWMzMmQ5YTcwMGMwZgBGAAAAAACsY-qGQCwBQ4xb3TLHpgp6BwDXovyD37sqTJHP5h1B9vVmAAAAAAENAADXovyD37sqTJHP5h1B9vVmAAAAAJ-9AAA="
"Contract: Lylla Harrold - test","2025-09-22 00:05","AAMkADlkNmQ2YjYzLWM1MDMtNGYxYS05ZWVkLWMzMmQ5YTcwMGMwZgBGAAAAAACsY-qGQCwBQ4xb3TLHpgp6BwDXovyD37sqTJHP5h1B9vVmAAAAAAENAADXovyD37sqTJHP5h1B9vVmAAAAAKACAAA="
"Contract: Lylla Harrold - test","2025-09-22 00:05","AAMkADlkNmQ2YjYzLWM1MDMtNGYxYS05ZWVkLWMzMmQ5YTcwMGMwZgBGAAAAAACsY-qGQCwBQ4xb3TLHpgp6BwDXovyD37sqTJHP5h1B9vVmAAAAAAENAADXovyD37sqTJHP5h1B9vVmAAAAAKAHAAA="
"Contract: Lylla Harrold - test","2025-09-22 00:05","AAMkADlkNmQ2YjYzLWM1MDMtNGYxYS05ZWVkLWMzMmQ5YTcwMGMwZgBGAAAAAACsY-qGQCwBQ4xb3TLHpgp6BwDXovyD37sqTJHP5h1B9vVmAAAAAAENAADXovyD37sqTJHP5h1B9vVmAAAAAKAMAAA="
"Contract: Lylla Harrold - test","2025-09-22 00:05","AAMkADlkNmQ2YjYzLWM1MDMtNGYxYS05ZWVkLWMzMmQ5YTcwMGMwZgBGAAAAAACsY-qGQCwBQ4xb3TLHpgp6BwDXovyD37sqTJHP5h1B9vVmAAAAAAENAADXovyD37sqTJHP5h1B9vVmAAAAAKARAAA="
"Contract: Lylla Harrold - test","2025-09-22 00:05","AAMkADlkNmQ2YjYzLWM1MDMtNGYxYS05ZWVkLWMzMmQ5YTcwMGMwZgBGAAAAAACsY-qGQCwBQ4xb3TLHpgp6BwDXovyD37sqTJHP5h1B9vVmAAAAAAENAADXovyD37sqTJHP5h1B9vVmAAAAAKAWAAA="
"Contract: Lylla Harrold - test","2025-09-22 00:05","AAMkADlkNmQ2YjYzLWM1MDMtNGYxYS05ZWVkLWMzMmQ5YTcwMGMwZgBGAAAAAACsY-qGQCwBQ4xb3TLHpgp6BwDXovyD37sqTJHP5h1B9vVmAAAAAAENAADXovyD37sqTJHP5h1B9vVmAAAAAKAbAAA="
"Contract: Lylla Harrold - test","2025-09-22 00:05","AAMkADlkNmQ2YjYzLWM1MDMtNGYxYS05ZWVkLWMzMmQ5YTcwMGMwZgBGAAAAAACsY-qGQCwBQ4xb3TLHpgp6BwDXovyD37sqTJHP5h1B9vVmAAAAAAENAADXovyD37sqTJHP5h1B9vVmAAAAAKAgAAA="
"Contract: Lylla Harrold - test","2025-09-22 00:05","AAMkADlkNmQ2YjYzLWM1MDMtNGYxYS05ZWVkLWMzMmQ5YTcwMGMwZgBGAAAAAACsY-qGQCwBQ4xb3TLHpgp6BwDXovyD37sqTJHP5h1B9vVmAAAAAAENAADXovyD37sqTJHP5h1B9vVmAAAAAKAlAAA="
"Contract: Lylla Harrold - test","2025-09-22 00:05","AAMkADlkNmQ2YjYzLWM1MDMtNGYxYS05ZWVkLWMzMmQ5YTcwMGMwZgBGAAAAAACsY-qGQCwBQ4xb3TLHpgp6BwDXovyD37sqTJHP5h1B9vVmAAAAAAENAADXovyD37sqTJHP5h1B9vVmAAAAAKAqAAA="
"Contract: Lylla Harrold - test","2025-09-22 00:05","AAMkADlkNmQ2YjYzLWM1MDMtNGYxYS05ZWVkLWMzMmQ5YTcwMGMwZgBGAAAAAACsY-qGQCwBQ4xb3TLHpgp6BwDXovyD37sqTJHP5h1B9vVmAAAAAAENAADXovyD37sqTJHP5h1B9vVmAAAAAKAvAAA="
"Contract: Lylla Harrold - test","2025-09-22 00:05","AAMkADlkNmQ2YjYzLWM1MDMtNGYxYS05ZWVkLWMzMmQ5YTcwMGMwZgBGAAAAAACsY-qGQCwBQ4xb3TLHpgp6BwDXovyD37sqTJHP5h1B9vVmAAAAAAENAADXovyD37sqTJHP5h1B9vVmAAAAAKA0AAA="
"Contract: Lylla Harrold - test","2025-09-22 00:05","AAMkADlkNmQ2YjYzLWM1MDMtNGYxYS05ZWVkLWMzMmQ5YTcwMGMwZgBGAAAAAACsY-qGQCwBQ4xb3TLHpgp6BwDXovyD37sqTJHP5h1B9vVmAAAAAAENAADXovyD37sqTJHP5h1B9vVmAAAAAKA5AAA="
"Contract: Lylla Harrold - test","2025-09-22 00:05","AAMkADlkNmQ2YjYzLWM1MDMtNGYxYS05ZWVkLWMzMmQ5YTcwMGMwZgBGAAAAAACsY-qGQCwBQ4xb3TLHpgp6BwDXovyD37sqTJHP5h1B9vVmAAAAAAENAADXovyD37sqTJHP5h1B9vVmAAAAAKA_AAA="
"Contract: Lylla Harrold - test","2025-09-22 00:05","AAMkADlkNmQ2YjYzLWM1MDMtNGYxYS05ZWVkLWMzMmQ5YTcwMGMwZgBGAAAAAACsY-qGQCwBQ4xb3TLHpgp6BwDXovyD37sqTJHP5h1B9vVmAAAAAAENAADXovyD37sqTJHP5h1B9vVmAAAAAKBDAAA="
"Contract: Lylla Harrold - test","2025-09-22 00:05","AAMkADlkNmQ2YjYzLWM1MDMtNGYxYS05ZWVkLWMzMmQ5YTcwMGMwZgBGAAAAAACsY-qGQCwBQ4xb3TLHpgp6BwDXovyD37sqTJHP5h1B9vVmAAAAAAENAADXovyD37sqTJHP5h1B9vVmAAAAAKBJAAA="
"Contract: Lylla Harrold - test","2025-09-22 00:05","AAMkADlkNmQ2YjYzLWM1MDMtNGYxYS05ZWVkLWMzMmQ5YTcwMGMwZgBGAAAAAACsY-qGQCwBQ4xb3TLHpgp6BwDXovyD37sqTJHP5h1B9vVmAAAAAAENAADXovyD37sqTJHP5h1B9vVmAAAAAKBPAAA="
"Contract: Lylla Harrold - test","2025-09-22 00:05","AAMkADlkNmQ2YjYzLWM1MDMtNGYxYS05ZWVkLWMzMmQ5YTcwMGMwZgBGAAAAAACsY-qGQCwBQ4xb3TLHpgp6BwDXovyD37sqTJHP5h1B9vVmAAAAAAENAADXovyD37sqTJHP5h1B9vVmAAAAAKBVAAA="
"Contract: Lylla Harrold - test","2025-09-22 00:05","AAMkADlkNmQ2YjYzLWM1MDMtNGYxYS05ZWVkLWMzMmQ5YTcwMGMwZgBGAAAAAACsY-qGQCwBQ4xb3TLHpgp6BwDXovyD37sqTJHP5h1B9vVmAAAAAAENAADXovyD37sqTJHP5h1B9vVmAAAAAKBbAAA="
"Contract: Lylla Harrold - test","2025-09-22 00:05","AAMkADlkNmQ2YjYzLWM1MDMtNGYxYS05ZWVkLWMzMmQ5YTcwMGMwZgBGAAAAAACsY-qGQCwBQ4xb3TLHpgp6BwDXovyD37sqTJHP5h1B9vVmAAAAAAENAADXovyD37sqTJHP5h1B9vVmAAAAAKBhAAA="
"Contract: Lylla Harrold - test","2025-09-22 00:05","AAMkADlkNmQ2YjYzLWM1MDMtNGYxYS05ZWVkLWMzMmQ5YTcwMGMwZgBGAAAAAACsY-qGQCwBQ4xb3TLHpgp6BwDXovyD37sqTJHP5h1B9vVmAAAAAAENAADXovyD37sqTJHP5h1B9vVmAAAAAKBnAAA="
"Contract: Lylla Harrold - test","2025-09-22 00:05","AAMkADlkNmQ2YjYzLWM1MDMtNGYxYS05ZWVkLWMzMmQ5YTcwMGMwZgBGAAAAAACsY-qGQCwBQ4xb3TLHpgp6BwDXovyD37sqTJHP5h1B9vVmAAAAAAENAADXovyD37sqTJHP5h1B9vVmAAAAAKBtAAA="
"Contract: Lylla Harrold - test","2025-09-22 00:05","AAMkADlkNmQ2YjYzLWM1MDMtNGYxYS05ZWVkLWMzMmQ5YTcwMGMwZgBGAAAAAACsY-qGQCwBQ4xb3TLHpgp6BwDXovyD37sqTJHP5h1B9vVmAAAAAAENAADXovyD37sqTJHP5h1B9vVmAAAAAKBzAAA="
"Contract: Lylla Harrold - test","2025-09-22 00:05","AAMkADlkNmQ2YjYzLWM1MDMtNGYxYS05ZWVkLWMzMmQ5YTcwMGMwZgBGAAAAAACsY-qGQCwBQ4xb3TLHpgp6BwDXovyD37sqTJHP5h1B9vVmAAAAAAENAADXovyD37sqTJHP5h1B9vVmAAAAAKB5AAA="
"Contract: Lylla Harrold - test","2025-09-22 00:05","AAMkADlkNmQ2YjYzLWM1MDMtNGYxYS05ZWVkLWMzMmQ5YTcwMGMwZgBGAAAAAACsY-qGQCwBQ4xb3TLHpgp6BwDXovyD37sqTJHP5h1B9vVmAAAAAAENAADXovyD37sqTJHP5h1B9vVmAAAAAKB-AAA="
"Contract: Lylla Harrold - test","2025-09-22 00:05","AAMkADlkNmQ2YjYzLWM1MDMtNGYxYS05ZWVkLWMzMmQ5YTcwMGMwZgBGAAAAAACsY-qGQCwBQ4xb3TLHpgp6BwDXovyD37sqTJHP5h1B9vVmAAAAAAENAADXovyD37sqTJHP5h1B9vVmAAAAAKCFAAA="
"Contract: Lylla Harrold - test","2025-09-22 00:05","AAMkADlkNmQ2YjYzLWM1MDMtNGYxYS05ZWVkLWMzMmQ5YTcwMGMwZgBGAAAAAACsY-qGQCwBQ4xb3TLHpgp6BwDXovyD37sqTJHP5h1B9vVmAAAAAAENAADXovyD37sqTJHP5h1B9vVmAAAAAKCLAAA="
"Contract: Lylla Harrold - test","2025-09-22 00:05","AAMkADlkNmQ2YjYzLWM1MDMtNGYxYS05ZWVkLWMzMmQ5YTcwMGMwZgBGAAAAAACsY-qGQCwBQ4xb3TLHpgp6BwDXovyD37sqTJHP5h1B9vVmAAAAAAENAADXovyD37sqTJHP5h1B9vVmAAAAAKCRAAA="
"Contract: Lylla Harrold - test","2025-09-22 00:05","AAMkADlkNmQ2YjYzLWM1MDMtNGYxYS05ZWVkLWMzMmQ5YTcwMGMwZgBGAAAAAACsY-qGQCwBQ4xb3TLHpgp6BwDXovyD37sqTJHP5h1B9vVmAAAAAAENAADXovyD37sqTJHP5h1B9vVmAAAAAKCXAAA="
"Contract: Lylla Harrold - test","2025-09-22 00:05","AAMkADlkNmQ2YjYzLWM1MDMtNGYxYS05ZWVkLWMzMmQ5YTcwMGMwZgBGAAAAAACsY-qGQCwBQ4xb3TLHpgp6BwDXovyD37sqTJHP5h1B9vVmAAAAAAENAADXovyD37sqTJHP5h1B9vVmAAAAAKCdAAA="
"Contract: Lylla Harrold - test","2025-09-22 00:05","AAMkADlkNmQ2YjYzLWM1MDMtNGYxYS05ZWVkLWMzMmQ5YTcwMGMwZgBGAAAAAACsY-qGQCwBQ4xb3TLHpgp6BwDXovyD37sqTJHP5h1B9vVmAAAAAAENAADXovyD37sqTJHP5h1B9vVmAAAAAKCjAAA="
"Contract: Lylla Harrold - test","2025-09-22 00:05","AAMkADlkNmQ2YjYzLWM1MDMtNGYxYS05ZWVkLWMzMmQ5YTcwMGMwZgBGAAAAAACsY-qGQCwBQ4xb3TLHpgp6BwDXovyD37sqTJHP5h1B9vVmAAAAAAENAADXovyD37sqTJHP5h1B9vVmAAAAAKCpAAA="
"Contract: Lylla Harrold - test","2025-09-22 00:05","AAMkADlkNmQ2YjYzLWM1MDMtNGYxYS05ZWVkLWMzMmQ5YTcwMGMwZgBGAAAAAACsY-qGQCwBQ4xb3TLHpgp6BwDXovyD37sqTJHP5h1B9vVmAAAAAAENAADXovyD37sqTJHP5h1B9vVmAAAAAKCvAAA="
"Contract: Lylla Harrold - test","2025-09-22 00:05","AAMkADlkNmQ2YjYzLWM1MDMtNGYxYS05ZWVkLWMzMmQ5YTcwMGMwZgBGAAAAAACsY-qGQCwBQ4xb3TLHpgp6BwDXovyD37sqTJHP5h1B9vVmAAAAAAENAADXovyD37sqTJHP5h1B9vVmAAAAAKC1AAA="
"Contract: Lylla Harrold - test","2025-09-22 00:05","AAMkADlkNmQ2YjYzLWM1MDMtNGYxYS05ZWVkLWMzMmQ5YTcwMGMwZgBGAAAAAACsY-qGQCwBQ4xb3TLHpgp6BwDXovyD37sqTJHP5h1B9vVmAAAAAAENAADXovyD37sqTJHP5h1B9vVmAAAAAKC7AAA="
"Contract: Lylla Harrold - test","2025-09-22 00:05","AAMkADlkNmQ2YjYzLWM1MDMtNGYxYS05ZWVkLWMzMmQ5YTcwMGMwZgBGAAAAAACsY-qGQCwBQ4xb3TLHpgp6BwDXovyD37sqTJHP5h1B9vVmAAAAAAENAADXovyD37sqTJHP5h1B9vVmAAAAAKDBAAA="
"Contract: Lylla Harrold - test","2025-09-22 00:05","AAMkADlkNmQ2YjYzLWM1MDMtNGYxYS05ZWVkLWMzMmQ5YTcwMGMwZgBGAAAAAACsY-qGQCwBQ4xb3TLHpgp6BwDXovyD37sqTJHP5h1B9vVmAAAAAAENAADXovyD37sqTJHP5h1B9vVmAAAAAKDHAAA="
"Contract: Lylla Harrold - test","2025-09-22 00:05","AAMkADlkNmQ2YjYzLWM1MDMtNGYxYS05ZWVkLWMzMmQ5YTcwMGMwZgBGAAAAAACsY-qGQCwBQ4xb3TLHpgp6BwDXovyD37sqTJHP5h1B9vVmAAAAAAENAADXovyD37sqTJHP5h1B9vVmAAAAAKDNAAA="
"Contract: Lylla Harrold - test","2025-09-22 00:05","AAMkADlkNmQ2YjYzLWM1MDMtNGYxYS05ZWVkLWMzMmQ5YTcwMGMwZgBGAAAAAACsY-qGQCwBQ4xb3TLHpgp6BwDXovyD37sqTJHP5h1B9vVmAAAAAAENAADXovyD37sqTJHP5h1B9vVmAAAAAKDTAAA="
"Contract: Lylla Harrold - test","2025-09-22 00:05","AAMkADlkNmQ2YjYzLWM1MDMtNGYxYS05ZWVkLWMzMmQ5YTcwMGMwZgBGAAAAAACsY-qGQCwBQ4xb3TLHpgp6BwDXovyD37sqTJHP5h1B9vVmAAAAAAENAADXovyD37sqTJHP5h1B9vVmAAAAAKDZAAA="
"Contract: Lylla Harrold - test","2025-09-22 00:05","AAMkADlkNmQ2YjYzLWM1MDMtNGYxYS05ZWVkLWMzMmQ5YTcwMGMwZgBGAAAAAACsY-qGQCwBQ4xb3TLHpgp6BwDXovyD37sqTJHP5h1B9vVmAAAAAAENAADXovyD37sqTJHP5h1B9vVmAAAAAKDfAAA="
"Contract: Lylla Harrold - test","2025-09-22 00:05","AAMkADlkNmQ2YjYzLWM1MDMtNGYxYS05ZWVkLWMzMmQ5YTcwMGMwZgBGAAAAAACsY-qGQCwBQ4xb3TLHpgp6BwDXovyD37sqTJHP5h1B9vVmAAAAAAENAADXovyD37sqTJHP5h1B9vVmAAAAAKDlAAA="
"Contract: Lylla Harrold - test","2025-09-22 00:05","AAMkADlkNmQ2YjYzLWM1MDMtNGYxYS05ZWVkLWMzMmQ5YTcwMGMwZgBGAAAAAACsY-qGQCwBQ4xb3TLHpgp6BwDXovyD37sqTJHP5h1B9vVmAAAAAAENAADXovyD37sqTJHP5h1B9vVmAAAAAKDrAAA="
"Contract: Lylla Harrold - test","2025-09-22 00:05","AAMkADlkNmQ2YjYzLWM1MDMtNGYxYS05ZWVkLWMzMmQ5YTcwMGMwZgBGAAAAAACsY-qGQCwBQ4xb3TLHpgp6BwDXovyD37sqTJHP5h1B9vVmAAAAAAENAADXovyD37sqTJHP5h1B9vVmAAAAAKDxAAA="
"Contract: Lylla Harrold - test","2025-09-22 00:05","AAMkADlkNmQ2YjYzLWM1MDMtNGYxYS05ZWVkLWMzMmQ5YTcwMGMwZgBGAAAAAACsY-qGQCwBQ4xb3TLHpgp6BwDXovyD37sqTJHP5h1B9vVmAAAAAAENAADXovyD37sqTJHP5h1B9vVmAAAAAKD3AAA="
"Contract: Lylla Harrold - test","2025-09-22 00:05","AAMkADlkNmQ2YjYzLWM1MDMtNGYxYS05ZWVkLWMzMmQ5YTcwMGMwZgBGAAAAAACsY-qGQCwBQ4xb3TLHpgp6BwDXovyD37sqTJHP5h1B9vVmAAAAAAENAADXovyD37sqTJHP5h1B9vVmAAAAAKD9AAA="
"Contract: Lylla Harrold - test","2025-09-22 00:05","AAMkADlkNmQ2YjYzLWM1MDMtNGYxYS05ZWVkLWMzMmQ5YTcwMGMwZgBGAAAAAACsY-qGQCwBQ4xb3TLHpgp6BwDXovyD37sqTJHP5h1B9vVmAAAAAAENAADXovyD37sqTJHP5h1B9vVmAAAAAKEDAAA="
"Contract: Lylla Harrold - test","2025-09-22 00:05","AAMkADlkNmQ2YjYzLWM1MDMtNGYxYS05ZWVkLWMzMmQ5YTcwMGMwZgBGAAAAAACsY-qGQCwBQ4xb3TLHpgp6BwDXovyD37sqTJHP5h1B9vVmAAAAAAENAADXovyD37sqTJHP5h1B9vVmAAAAAKEJAAA="
"Contract: Lylla Harrold - test","2025-09-22 00:05","AAMkADlkNmQ2YjYzLWM1MDMtNGYxYS05ZWVkLWMzMmQ5YTcwMGMwZgBGAAAAAACsY-qGQCwBQ4xb3TLHpgp6BwDXovyD37sqTJHP5h1B9vVmAAAAAAENAADXovyD37sqTJHP5h1B9vVmAAAAAKEPAAA="
"Contract: Lylla Harrold - test","2025-09-22 00:05","AAMkADlkNmQ2YjYzLWM1MDMtNGYxYS05ZWVkLWMzMmQ5YTcwMGMwZgBGAAAAAACsY-qGQCwBQ4xb3TLHpgp6BwDXovyD37sqTJHP5h1B9vVmAAAAAAENAADXovyD37sqTJHP5h1B9vVmAAAAAKEVAAA="
"Contract: Lylla Harrold - test","2025-09-22 00:05","AAMkADlkNmQ2YjYzLWM1MDMtNGYxYS05ZWVkLWMzMmQ5YTcwMGMwZgBGAAAAAACsY-qGQCwBQ4xb3TLHpgp6BwDXovyD37sqTJHP5h1B9vVmAAAAAAENAADXovyD37sqTJHP5h1B9vVmAAAAAKEbAAA="
"Contract: Lylla Harrold - test","2025-09-22 00:05","AAMkADlkNmQ2YjYzLWM1MDMtNGYxYS05ZWVkLWMzMmQ5YTcwMGMwZgBGAAAAAACsY-qGQCwBQ4xb3TLHpgp6BwDXovyD37sqTJHP5h1B9vVmAAAAAAENAADXovyD37sqTJHP5h1B9vVmAAAAAKEhAAA="
"Contract: Lylla Harrold - test","2025-09-22 00:05","AAMkADlkNmQ2YjYzLWM1MDMtNGYxYS05ZWVkLWMzMmQ5YTcwMGMwZgBGAAAAAACsY-qGQCwBQ4xb3TLHpgp6BwDXovyD37sqTJHP5h1B9vVmAAAAAAENAADXovyD37sqTJHP5h1B9vVmAAAAAKEnAAA="
"Contract: Lylla Harrold - test","2025-09-22 00:05","AAMkADlkNmQ2YjYzLWM1MDMtNGYxYS05ZWVkLWMzMmQ5YTcwMGMwZgBGAAAAAACsY-qGQCwBQ4xb3TLHpgp6BwDXovyD37sqTJHP5h1B9vVmAAAAAAENAADXovyD37sqTJHP5h1B9vVmAAAAAKEtAAA="
"Contract: Lylla Harrold - test","2025-09-22 00:05","AAMkADlkNmQ2YjYzLWM1MDMtNGYxYS05ZWVkLWMzMmQ5YTcwMGMwZgBGAAAAAACsY-qGQCwBQ4xb3TLHpgp6BwDXovyD37sqTJHP5h1B9vVmAAAAAAENAADXovyD37sqTJHP5h1B9vVmAAAAAKEzAAA="
"Contract: Lylla Harrold - test","2025-09-22 00:05","AAMkADlkNmQ2YjYzLWM1MDMtNGYxYS05ZWVkLWMzMmQ5YTcwMGMwZgBGAAAAAACsY-qGQCwBQ4xb3TLHpgp6BwDXovyD37sqTJHP5h1B9vVmAAAAAAENAADXovyD37sqTJHP5h1B9vVmAAAAAKE5AAA="
"Contract: Lylla Harrold - test","2025-09-22 00:05","AAMkADlkNmQ2YjYzLWM1MDMtNGYxYS05ZWVkLWMzMmQ5YTcwMGMwZgBGAAAAAACsY-qGQCwBQ4xb3TLHpgp6BwDXovyD37sqTJHP5h1B9vVmAAAAAAENAADXovyD37sqTJHP5h1B9vVmAAAAAKE-AAA="
"Contract: Lylla Harrold - test","2025-09-22 00:05","AAMkADlkNmQ2YjYzLWM1MDMtNGYxYS05ZWVkLWMzMmQ5YTcwMGMwZgBGAAAAAACsY-qGQCwBQ4xb3TLHpgp6BwDXovyD37sqTJHP5h1B9vVmAAAAAAENAADXovyD37sqTJHP5h1B9vVmAAAAAKFFAAA="
"Contract: Lylla Harrold - test","2025-09-22 00:05","AAMkADlkNmQ2YjYzLWM1MDMtNGYxYS05ZWVkLWMzMmQ5YTcwMGMwZgBGAAAAAACsY-qGQCwBQ4xb3TLHpgp6BwDXovyD37sqTJHP5h1B9vVmAAAAAAENAADXovyD37sqTJHP5h1B9vVmAAAAAKFLAAA="
"Contract: Lylla Harrold - test","2025-09-22 00:05","AAMkADlkNmQ2YjYzLWM1MDMtNGYxYS05ZWVkLWMzMmQ5YTcwMGMwZgBGAAAAAACsY-qGQCwBQ4xb3TLHpgp6BwDXovyD37sqTJHP5h1B9vVmAAAAAAENAADXovyD37sqTJHP5h1B9vVmAAAAAKFRAAA="
"Contract: Lylla Harrold - test","2025-09-22 00:05","AAMkADlkNmQ2YjYzLWM1MDMtNGYxYS05ZWVkLWMzMmQ5YTcwMGMwZgBGAAAAAACsY-qGQCwBQ4xb3TLHpgp6BwDXovyD37sqTJHP5h1B9vVmAAAAAAENAADXovyD37sqTJHP5h1B9vVmAAAAAKFXAAA="
"Contract: Lylla Harrold - test","2025-09-22 00:05","AAMkADlkNmQ2YjYzLWM1MDMtNGYxYS05ZWVkLWMzMmQ5YTcwMGMwZgBGAAAAAACsY-qGQCwBQ4xb3TLHpgp6BwDXovyD37sqTJHP5h1B9vVmAAAAAAENAADXovyD37sqTJHP5h1B9vVmAAAAAKFdAAA="
"Contract: Lylla Harrold - test","2025-09-22 00:05","AAMkADlkNmQ2YjYzLWM1MDMtNGYxYS05ZWVkLWMzMmQ5YTcwMGMwZgBGAAAAAACsY-qGQCwBQ4xb3TLHpgp6BwDXovyD37sqTJHP5h1B9vVmAAAAAAENAADXovyD37sqTJHP5h1B9vVmAAAAAKFjAAA="
"Contract: Lylla Harrold - test","2025-09-22 00:05","AAMkADlkNmQ2YjYzLWM1MDMtNGYxYS05ZWVkLWMzMmQ5YTcwMGMwZgBGAAAAAACsY-qGQCwBQ4xb3TLHpgp6BwDXovyD37sqTJHP5h1B9vVmAAAAAAENAADXovyD37sqTJHP5h1B9vVmAAAAAKFpAAA="
"Contract: Lylla Harrold - test","2025-09-22 00:05","AAMkADlkNmQ2YjYzLWM1MDMtNGYxYS05ZWVkLWMzMmQ5YTcwMGMwZgBGAAAAAACsY-qGQCwBQ4xb3TLHpgp6BwDXovyD37sqTJHP5h1B9vVmAAAAAAENAADXovyD37sqTJHP5h1B9vVmAAAAAKFvAAA="
"Contract: Lylla Harrold - test","2025-09-22 00:05","AAMkADlkNmQ2YjYzLWM1MDMtNGYxYS05ZWVkLWMzMmQ5YTcwMGMwZgBGAAAAAACsY-qGQCwBQ4xb3TLHpgp6BwDXovyD37sqTJHP5h1B9vVmAAAAAAENAADXovyD37sqTJHP5h1B9vVmAAAAAKF1AAA="
"Contract: Lylla Harrold - test","2025-09-22 00:05","AAMkADlkNmQ2YjYzLWM1MDMtNGYxYS05ZWVkLWMzMmQ5YTcwMGMwZgBGAAAAAACsY-qGQCwBQ4xb3TLHpgp6BwDXovyD37sqTJHP5h1B9vVmAAAAAAENAADXovyD37sqTJHP5h1B9vVmAAAAAKF7AAA="
"Contract: Lylla Harrold - test","2025-09-22 00:05","AAMkADlkNmQ2YjYzLWM1MDMtNGYxYS05ZWVkLWMzMmQ5YTcwMGMwZgBGAAAAAACsY-qGQCwBQ4xb3TLHpgp6BwDXovyD37sqTJHP5h1B9vVmAAAAAAENAADXovyD37sqTJHP5h1B9vVmAAAAAKGBAAA="
"Contract: Lylla Harrold - test","2025-09-22 00:05","AAMkADlkNmQ2YjYzLWM1MDMtNGYxYS05ZWVkLWMzMmQ5YTcwMGMwZgBGAAAAAACsY-qGQCwBQ4xb3TLHpgp6BwDXovyD37sqTJHP5h1B9vVmAAAAAAENAADXovyD37sqTJHP5h1B9vVmAAAAAKGHAAA="
"Contract: Lylla Harrold - test","2025-09-22 00:05","AAMkADlkNmQ2YjYzLWM1MDMtNGYxYS05ZWVkLWMzMmQ5YTcwMGMwZgBGAAAAAACsY-qGQCwBQ4xb3TLHpgp6BwDXovyD37sqTJHP5h1B9vVmAAAAAAENAADXovyD37sqTJHP5h1B9vVmAAAAAKGNAAA="
"Contract: Lylla Harrold - test","2025-09-22 00:05","AAMkADlkNmQ2YjYzLWM1MDMtNGYxYS05ZWVkLWMzMmQ5YTcwMGMwZgBGAAAAAACsY-qGQCwBQ4xb3TLHpgp6BwDXovyD37sqTJHP5h1B9vVmAAAAAAENAADXovyD37sqTJHP5h1B9vVmAAAAAKGTAAA="
"Contract: Lylla Harrold - test","2025-09-22 04:05","AAMkADlkNmQ2YjYzLWM1MDMtNGYxYS05ZWVkLWMzMmQ5YTcwMGMwZgBGAAAAAACsY-qGQCwBQ4xb3TLHpgp6BwDXovyD37sqTJHP5h1B9vVmAAAAAAENAADXovyD37sqTJHP5h1B9vVmAAAAAJ8uAAA="
"Contract: Lylla Harrold - test","2025-09-22 04:05","AAMkADlkNmQ2YjYzLWM1MDMtNGYxYS05ZWVkLWMzMmQ5YTcwMGMwZgBGAAAAAACsY-qGQCwBQ4xb3TLHpgp6BwDXovyD37sqTJHP5h1B9vVmAAAAAAENAADXovyD37sqTJHP5h1B9vVmAAAAAJ80AAA="
"Contract: Lylla Harrold - test","2025-09-22 04:05","AAMkADlkNmQ2YjYzLWM1MDMtNGYxYS05ZWVkLWMzMmQ5YTcwMGMwZgBGAAAAAACsY-qGQCwBQ4xb3TLHpgp6BwDXovyD37sqTJHP5h1B9vVmAAAAAAENAADXovyD37sqTJHP5h1B9vVmAAAAAJ85AAA="
"Contract: Lylla Harrold - test","2025-09-22 04:05","AAMkADlkNmQ2YjYzLWM1MDMtNGYxYS05ZWVkLWMzMmQ5YTcwMGMwZgBGAAAAAACsY-qGQCwBQ4xb3TLHpgp6BwDXovyD37sqTJHP5h1B9vVmAAAAAAENAADXovyD37sqTJHP5h1B9vVmAAAAAJ89AAA="
"Contract: Lylla Harrold - test","2025-09-22 04:05","AAMkADlkNmQ2YjYzLWM1MDMtNGYxYS05ZWVkLWMzMmQ5YTcwMGMwZgBGAAAAAACsY-qGQCwBQ4xb3TLHpgp6BwDXovyD37sqTJHP5h1B9vVmAAAAAAENAADXovyD37sqTJHP5h1B9vVmAAAAAJ9BAAA="
"Contract: Lylla Harrold - test","2025-09-22 04:05","AAMkADlkNmQ2YjYzLWM1MDMtNGYxYS05ZWVkLWMzMmQ5YTcwMGMwZgBGAAAAAACsY-qGQCwBQ4xb3TLHpgp6BwDXovyD37sqTJHP5h1B9vVmAAAAAAENAADXovyD37sqTJHP5h1B9vVmAAAAAJ9FAAA="
"Contract: Lylla Harrold - test","2025-09-22 04:05","AAMkADlkNmQ2YjYzLWM1MDMtNGYxYS05ZWVkLWMzMmQ5YTcwMGMwZgBGAAAAAACsY-qGQCwBQ4xb3TLHpgp6BwDXovyD37sqTJHP5h1B9vVmAAAAAAENAADXovyD37sqTJHP5h1B9vVmAAAAAJ9JAAA="
"Contract: Lylla Harrold - test","2025-09-22 04:05","AAMkADlkNmQ2YjYzLWM1MDMtNGYxYS05ZWVkLWMzMmQ5YTcwMGMwZgBGAAAAAACsY-qGQCwBQ4xb3TLHpgp6BwDXovyD37sqTJHP5h1B9vVmAAAAAAENAADXovyD37sqTJHP5h1B9vVmAAAAAJ9NAAA="
"Contract: Lylla Harrold - test","2025-09-22 04:05","AAMkADlkNmQ2YjYzLWM1MDMtNGYxYS05ZWVkLWMzMmQ5YTcwMGMwZgBGAAAAAACsY-qGQCwBQ4xb3TLHpgp6BwDXovyD37sqTJHP5h1B9vVmAAAAAAENAADXovyD37sqTJHP5h1B9vVmAAAAAJ9RAAA="
"Contract: Lylla Harrold - test","2025-09-22 04:05","AAMkADlkNmQ2YjYzLWM1MDMtNGYxYS05ZWVkLWMzMmQ5YTcwMGMwZgBGAAAAAACsY-qGQCwBQ4xb3TLHpgp6BwDXovyD37sqTJHP5h1B9vVmAAAAAAENAADXovyD37sqTJHP5h1B9vVmAAAAAJ9VAAA="
"Contract: Lylla Harrold - test","2025-09-22 04:05","AAMkADlkNmQ2YjYzLWM1MDMtNGYxYS05ZWVkLWMzMmQ5YTcwMGMwZgBGAAAAAACsY-qGQCwBQ4xb3TLHpgp6BwDXovyD37sqTJHP5h1B9vVmAAAAAAENAADXovyD37sqTJHP5h1B9vVmAAAAAJ9ZAAA="
"Contract: Lylla Harrold - test","2025-09-22 04:05","AAMkADlkNmQ2YjYzLWM1MDMtNGYxYS05ZWVkLWMzMmQ5YTcwMGMwZgBGAAAAAACsY-qGQCwBQ4xb3TLHpgp6BwDXovyD37sqTJHP5h1B9vVmAAAAAAENAADXovyD37sqTJHP5h1B9vVmAAAAAJ9dAAA="
"Contract: Lylla Harrold - test","2025-09-22 04:05","AAMkADlkNmQ2YjYzLWM1MDMtNGYxYS05ZWVkLWMzMmQ5YTcwMGMwZgBGAAAAAACsY-qGQCwBQ4xb3TLHpgp6BwDXovyD37sqTJHP5h1B9vVmAAAAAAENAADXovyD37sqTJHP5h1B9vVmAAAAAJ9hAAA="
"Contract: Lylla Harrold - test","2025-09-22 04:05","AAMkADlkNmQ2YjYzLWM1MDMtNGYxYS05ZWVkLWMzMmQ5YTcwMGMwZgBGAAAAAACsY-qGQCwBQ4xb3TLHpgp6BwDXovyD37sqTJHP5h1B9vVmAAAAAAENAADXovyD37sqTJHP5h1B9vVmAAAAAJ9lAAA="
"Contract: Lylla Harrold - test","2025-09-22 04:05","AAMkADlkNmQ2YjYzLWM1MDMtNGYxYS05ZWVkLWMzMmQ5YTcwMGMwZgBGAAAAAACsY-qGQCwBQ4xb3TLHpgp6BwDXovyD37sqTJHP5h1B9vVmAAAAAAENAADXovyD37sqTJHP5h1B9vVmAAAAAJ9pAAA="
"Contract: Lylla Harrold - test","2025-09-22 04:05","AAMkADlkNmQ2YjYzLWM1MDMtNGYxYS05ZWVkLWMzMmQ5YTcwMGMwZgBGAAAAAACsY-qGQCwBQ4xb3TLHpgp6BwDXovyD37sqTJHP5h1B9vVmAAAAAAENAADXovyD37sqTJHP5h1B9vVmAAAAAJ9tAAA="
"Contract: Lylla Harrold - test","2025-09-22 04:05","AAMkADlkNmQ2YjYzLWM1MDMtNGYxYS05ZWVkLWMzMmQ5YTcwMGMwZgBGAAAAAACsY-qGQCwBQ4xb3TLHpgp6BwDXovyD37sqTJHP5h1B9vVmAAAAAAENAADXovyD37sqTJHP5h1B9vVmAAAAAJ9xAAA="
"Contract: Lylla Harrold - test","2025-09-22 04:05","AAMkADlkNmQ2YjYzLWM1MDMtNGYxYS05ZWVkLWMzMmQ5YTcwMGMwZgBGAAAAAACsY-qGQCwBQ4xb3TLHpgp6BwDXovyD37sqTJHP5h1B9vVmAAAAAAENAADXovyD37sqTJHP5h1B9vVmAAAAAJ91AAA="
